Shopping_ID,Subcategory,Source_Dataset,Store_ID,Store_Name,Locality,Store_Type,Main_Categories,Chennai_Zone,Address,Phone,Rating,Review_Count,Verification_Status,Main_Products,Data_Status,Market_ID,Market_Name,Shopping_Categories,Market_Type,Operating_Days,Typical_Operating_Time,Mall_Name,Type,Developer_or_Group,Notes,Interest_Category
1,Book Stores,chennai_book_stores_100_plus(1).csv,1.0,Higginbothams - Mount Road,Anna Salai,Book Store,"Books, magazines, stationery",Central Chennai,,,,,Known institution/brand - verify current outlet,,,,,,,,,,,,,Shopping Interest
2,Book Stores,chennai_book_stores_100_plus(1).csv,2.0,Higginbothams - Anna Nagar,Anna Nagar,Book Store,"Books, stationery",West Chennai,,,,,Directory candidate - verify current branch/details,,,,,,,,,,,,,Shopping Interest
3,Book Stores,chennai_book_stores_100_plus(1).csv,3.0,Higginbothams - Besant Nagar,Besant Nagar,Book Store,"Books, magazines",South Chennai,,,,,Directory candidate - verify current branch/details,,,,,,,,,,,,,Shopping Interest
4,Book Stores,chennai_book_stores_100_plus(1).csv,4.0,Higginbothams - Adyar,Adyar,Book Store,"Books, magazines, stationery",South Chennai,,,,,Directory candidate - verify current branch/details,,,,,,,,,,,,,Shopping Interest
5,Book Stores,chennai_book_stores_100_plus(1).csv,5.0,Higginbothams - Velachery,Velachery,Book Store,"Books, stationery",South Chennai,,,,,Directory candidate - verify current branch/details,,,,,,,,,,,,,Shopping Interest
6,Book Stores,chennai_book_stores_100_plus(1).csv,6.0,Higginbothams - T Nagar,T. Nagar,Book Store,"Books, magazines, stationery",South/Central Chennai,,,,,Directory candidate - verify current branch/details,,,,,,,,,,,,,Shopping Interest
7,Book Stores,chennai_book_stores_100_plus(1).csv,7.0,Higginbothams - Egmore,Egmore,Book Store,"Books, magazines",Central Chennai,,,,,Directory candidate - verify current branch/details,,,,,,,,,,,,,Shopping Interest
8,Book Stores,chennai_book_stores_100_plus(1).csv,8.0,Higginbothams - Nungambakkam,Nungambakkam,Book Store,"Books, magazines, stationery",Central Chennai,,,,,Directory candidate - verify current branch/details,,,,,,,,,,,,,Shopping Interest
9,Book Stores,chennai_book_stores_100_plus(1).csv,9.0,Higginbothams - Tambaram,Tambaram,Book Store,"Books, stationery",Chennai Metropolitan Area,,,,,Directory candidate - verify current branch/details,,,,,,,,,,,,,Shopping Interest
10,Book Stores,chennai_book_stores_100_plus(1).csv,10.0,Higginbothams - Chromepet,Chromepet,Book Store,"Books, stationery",Chennai Metropolitan Area,,,,,Directory candidate - verify current branch/details,,,,,,,,,,,,,Shopping Interest
11,Book Stores,chennai_book_stores_100_plus(1).csv,11.0,Odyssey - Adyar,Adyar,Book Store,"Books, gifts, stationery",South Chennai,,,,,Directory candidate - verify current branch/details,,,,,,,,,,,,,Shopping Interest
12,Book Stores,chennai_book_stores_100_plus(1).csv,12.0,Odyssey - Anna Nagar,Anna Nagar,Book Store,"Books, gifts, stationery",West Chennai,,,,,Directory candidate - verify current branch/details,,,,,,,,,,,,,Shopping Interest
13,Book Stores,chennai_book_stores_100_plus(1).csv,13.0,Odyssey - Besant Nagar,Besant Nagar,Book Store,"Books, gifts, stationery",South Chennai,,,,,Directory candidate - verify current branch/details,,,,,,,,,,,,,Shopping Interest
14,Book Stores,chennai_book_stores_100_plus(1).csv,14.0,Odyssey - T Nagar,T. Nagar,Book Store,"Books, gifts, stationery",South/Central Chennai,,,,,Directory candidate - verify current branch/details,,,,,,,,,,,,,Shopping Interest
15,Book Stores,chennai_book_stores_100_plus(1).csv,15.0,Odyssey - Velachery,Velachery,Book Store,"Books, gifts, stationery",South Chennai,,,,,Directory candidate - verify current branch/details,,,,,,,,,,,,,Shopping Interest
16,Book Stores,chennai_book_stores_100_plus(1).csv,16.0,Odyssey - Nungambakkam,Nungambakkam,Book Store,"Books, gifts, stationery",Central Chennai,,,,,Directory candidate - verify current branch/details,,,,,,,,,,,,,Shopping Interest
17,Book Stores,chennai_book_stores_100_plus(1).csv,17.0,Crossword - Phoenix Marketcity,Velachery,Book Store,"Books, gifts, stationery",South Chennai,,,,,Directory candidate - verify current branch/details,,,,,,,,,,,,,Shopping Interest
18,Book Stores,chennai_book_stores_100_plus(1).csv,18.0,Crossword - Express Avenue,Royapettah,Book Store,"Books, gifts, stationery",Central Chennai,,,,,Directory candidate - verify current branch/details,,,,,,,,,,,,,Shopping Interest
19,Book Stores,chennai_book_stores_100_plus(1).csv,19.0,Crossword - VR Chennai,Anna Nagar,Book Store,"Books, gifts, stationery",West Chennai,,,,,Directory candidate - verify current branch/details,,,,,,,,,,,,,Shopping Interest
20,Book Stores,chennai_book_stores_100_plus(1).csv,20.0,Crossword - Forum Vijaya Mall,Vadapalani,Book Store,"Books, gifts, stationery",West Chennai,,,,,Directory candidate - verify current branch/details,,,,,,,,,,,,,Shopping Interest
21,Book Stores,chennai_book_stores_100_plus(1).csv,21.0,Crossword - Chennai Citi Centre,Mylapore,Book Store,"Books, gifts, stationery",Central Chennai,,,,,Directory candidate - verify current branch/details,,,,,,,,,,,,,Shopping Interest
22,Book Stores,chennai_book_stores_100_plus(1).csv,22.0,Crossword - Ampa Skywalk,Aminjikarai,Book Store,"Books, gifts, stationery",Central/West Chennai,,,,,Directory candidate - verify current branch/details,,,,,,,,,,,,,Shopping Interest
23,Book Stores,chennai_book_stores_100_plus(1).csv,23.0,Landmark - T Nagar,T. Nagar,Book Store,"Books, stationery, gifts",South/Central Chennai,,,,,Directory candidate - verify current branch/details,,,,,,,,,,,,,Shopping Interest
24,Book Stores,chennai_book_stores_100_plus(1).csv,24.0,Landmark - Spencer Plaza,Anna Salai,Book Store,"Books, stationery, gifts",Central Chennai,,,,,Directory candidate - verify current branch/details,,,,,,,,,,,,,Shopping Interest
25,Book Stores,chennai_book_stores_100_plus(1).csv,25.0,Landmark - Express Avenue,Royapettah,Book Store,"Books, stationery, gifts",Central Chennai,,,,,Directory candidate - verify current branch/details,,,,,,,,,,,,,Shopping Interest
26,Book Stores,chennai_book_stores_100_plus(1).csv,26.0,New Century Book House - Ambattur,Ambattur,Book Store,"Academic, competitive exam, Tamil books",West Chennai,,,,,Directory candidate - verify current branch/details,,,,,,,,,,,,,Shopping Interest
27,Book Stores,chennai_book_stores_100_plus(1).csv,27.0,New Century Book House - Anna Salai,Anna Salai,Book Store,"Academic, Tamil, general books",Central Chennai,,,,,Known institution/brand - verify current outlet,,,,,,,,,,,,,Shopping Interest
28,Book Stores,chennai_book_stores_100_plus(1).csv,28.0,New Century Book House - T Nagar,T. Nagar,Book Store,"Academic, Tamil, general books",South/Central Chennai,,,,,Directory candidate - verify current branch/details,,,,,,,,,,,,,Shopping Interest
29,Book Stores,chennai_book_stores_100_plus(1).csv,29.0,New Century Book House - Adyar,Adyar,Book Store,"Academic, Tamil, general books",South Chennai,,,,,Directory candidate - verify current branch/details,,,,,,,,,,,,,Shopping Interest
30,Book Stores,chennai_book_stores_100_plus(1).csv,30.0,New Century Book House - Anna Nagar,Anna Nagar,Book Store,"Academic, Tamil, general books",West Chennai,,,,,Directory candidate - verify current branch/details,,,,,,,,,,,,,Shopping Interest
31,Book Stores,chennai_book_stores_100_plus(1).csv,31.0,New Century Book House - Mylapore,Mylapore,Book Store,"Academic, Tamil, general books",Central Chennai,,,,,Directory candidate - verify current branch/details,,,,,,,,,,,,,Shopping Interest
32,Book Stores,chennai_book_stores_100_plus(1).csv,32.0,New Century Book House - Velachery,Velachery,Book Store,"Academic, Tamil, general books",South Chennai,,,,,Directory candidate - verify current branch/details,,,,,,,,,,,,,Shopping Interest
33,Book Stores,chennai_book_stores_100_plus(1).csv,33.0,New Century Book House - Tambaram,Tambaram,Book Store,"Academic, Tamil, general books",Chennai Metropolitan Area,,,,,Directory candidate - verify current branch/details,,,,,,,,,,,,,Shopping Interest
34,Book Stores,chennai_book_stores_100_plus(1).csv,34.0,New Century Book House - Chromepet,Chromepet,Book Store,"Academic, Tamil, general books",Chennai Metropolitan Area,,,,,Directory candidate - verify current branch/details,,,,,,,,,,,,,Shopping Interest
35,Book Stores,chennai_book_stores_100_plus(1).csv,35.0,New Century Book House - Egmore,Egmore,Book Store,"Academic, Tamil, general books",Central Chennai,,,,,Directory candidate - verify current branch/details,,,,,,,,,,,,,Shopping Interest
36,Book Stores,chennai_book_stores_100_plus(1).csv,36.0,Hindustan Book Agency,T. Nagar,Book Store,"Academic, technical, professional books",South/Central Chennai,,,,,Directory candidate - verify current branch/details,,,,,,,,,,,,,Shopping Interest
37,Book Stores,chennai_book_stores_100_plus(1).csv,37.0,Vivekananda Book House,Mylapore,Book Store,"Spiritual, philosophy, general books",Central Chennai,,,,,Directory candidate - verify current branch/details,,,,,,,,,,,,,Shopping Interest
38,Book Stores,chennai_book_stores_100_plus(1).csv,38.0,Ramakrishna Math Book Store,Mylapore,Book Store,"Spiritual, philosophy, Vedanta books",Central Chennai,,,,,Known institution/brand - verify current outlet,,,,,,,,,,,,,Shopping Interest
39,Book Stores,chennai_book_stores_100_plus(1).csv,39.0,Giri Trading Agency - Mylapore,Mylapore,Book & Religious Store,"Religious books, devotional items",Central Chennai,,,,,Directory candidate - verify current branch/details,,,,,,,,,,,,,Shopping Interest
40,Book Stores,chennai_book_stores_100_plus(1).csv,40.0,Giri Trading Agency - T Nagar,T. Nagar,Book & Religious Store,"Religious books, devotional items",South/Central Chennai,,,,,Directory candidate - verify current branch/details,,,,,,,,,,,,,Shopping Interest
41,Book Stores,chennai_book_stores_100_plus(1).csv,41.0,Giri Trading Agency - Anna Nagar,Anna Nagar,Book & Religious Store,"Religious books, devotional items",West Chennai,,,,,Directory candidate - verify current branch/details,,,,,,,,,,,,,Shopping Interest
42,Book Stores,chennai_book_stores_100_plus(1).csv,42.0,Giri Trading Agency - Adyar,Adyar,Book & Religious Store,"Religious books, devotional items",South Chennai,,,,,Directory candidate - verify current branch/details,,,,,,,,,,,,,Shopping Interest
43,Book Stores,chennai_book_stores_100_plus(1).csv,43.0,Sri Ramakrishna Math Book Centre,Mylapore,Book Store,"Spiritual, philosophy, religious books",Central Chennai,,,,,Directory candidate - verify current branch/details,,,,,,,,,,,,,Shopping Interest
44,Book Stores,chennai_book_stores_100_plus(1).csv,44.0,R.S. Prakash Book Centre,T. Nagar,Book Store,"Tamil, general, academic books",South/Central Chennai,,,,,Directory candidate - verify current branch/details,,,,,,,,,,,,,Shopping Interest
45,Book Stores,chennai_book_stores_100_plus(1).csv,45.0,Tamil Nadu Textbook Corporation,Nungambakkam,Textbook Store,"School textbooks, educational books",Central Chennai,,,,,Known institution/brand - verify current outlet,,,,,,,,,,,,,Shopping Interest
46,Book Stores,chennai_book_stores_100_plus(1).csv,46.0,Government Book House Chennai,Egmore,Book Store,"Government publications, books",Central Chennai,,,,,Directory candidate - verify current branch/details,,,,,,,,,,,,,Shopping Interest
47,Book Stores,chennai_book_stores_100_plus(1).csv,47.0,National Book Trust Book Shop Chennai,Chennai,Book Store,"Indian literature, educational books",Chennai,,,,,Directory candidate - verify current branch/details,,,,,,,,,,,,,Shopping Interest
48,Book Stores,chennai_book_stores_100_plus(1).csv,48.0,Book Point - Nungambakkam,Nungambakkam,Book Store,"Books, stationery",Central Chennai,,,,,Directory candidate - verify current branch/details,,,,,,,,,,,,,Shopping Interest
49,Book Stores,chennai_book_stores_100_plus(1).csv,49.0,Book Point - T Nagar,T. Nagar,Book Store,"Books, stationery",South/Central Chennai,,,,,Directory candidate - verify current branch/details,,,,,,,,,,,,,Shopping Interest
50,Book Stores,chennai_book_stores_100_plus(1).csv,50.0,Book Point - Anna Nagar,Anna Nagar,Book Store,"Books, stationery",West Chennai,,,,,Directory candidate - verify current branch/details,,,,,,,,,,,,,Shopping Interest
51,Book Stores,chennai_book_stores_100_plus(1).csv,51.0,Book Point - Adyar,Adyar,Book Store,"Books, stationery",South Chennai,,,,,Directory candidate - verify current branch/details,,,,,,,,,,,,,Shopping Interest
52,Book Stores,chennai_book_stores_100_plus(1).csv,52.0,Book Point - Velachery,Velachery,Book Store,"Books, stationery",South Chennai,,,,,Directory candidate - verify current branch/details,,,,,,,,,,,,,Shopping Interest
53,Book Stores,chennai_book_stores_100_plus(1).csv,53.0,Book Point - Tambaram,Tambaram,Book Store,"Books, stationery",Chennai Metropolitan Area,,,,,Directory candidate - verify current branch/details,,,,,,,,,,,,,Shopping Interest
54,Book Stores,chennai_book_stores_100_plus(1).csv,54.0,Adayar Book Centre,Adyar,Book Store,"Academic, general books",South Chennai,,,,,Directory candidate - verify current branch/details,,,,,,,,,,,,,Shopping Interest
55,Book Stores,chennai_book_stores_100_plus(1).csv,55.0,Mylapore Book Centre,Mylapore,Book Store,"Tamil, academic, general books",Central Chennai,,,,,Directory candidate - verify current branch/details,,,,,,,,,,,,,Shopping Interest
56,Book Stores,chennai_book_stores_100_plus(1).csv,56.0,T Nagar Book House,T. Nagar,Book Store,"General, academic books",South/Central Chennai,,,,,Directory candidate - verify current branch/details,,,,,,,,,,,,,Shopping Interest
57,Book Stores,chennai_book_stores_100_plus(1).csv,57.0,Anna Nagar Book House,Anna Nagar,Book Store,"General, academic books",West Chennai,,,,,Directory candidate - verify current branch/details,,,,,,,,,,,,,Shopping Interest
58,Book Stores,chennai_book_stores_100_plus(1).csv,58.0,Velachery Book House,Velachery,Book Store,"General, academic books",South Chennai,,,,,Directory candidate - verify current branch/details,,,,,,,,,,,,,Shopping Interest
59,Book Stores,chennai_book_stores_100_plus(1).csv,59.0,Chromepet Book House,Chromepet,Book Store,"Academic, competitive exam books",Chennai Metropolitan Area,,,,,Directory candidate - verify current branch/details,,,,,,,,,,,,,Shopping Interest
60,Book Stores,chennai_book_stores_100_plus(1).csv,60.0,Tambaram Book House,Tambaram,Book Store,"Academic, school, general books",Chennai Metropolitan Area,,,,,Directory candidate - verify current branch/details,,,,,,,,,,,,,Shopping Interest
61,Book Stores,chennai_book_stores_100_plus(1).csv,61.0,Koyambedu Book Centre,Koyambedu,Book Store,"School, academic, general books",West Chennai,,,,,Directory candidate - verify current branch/details,,,,,,,,,,,,,Shopping Interest
62,Book Stores,chennai_book_stores_100_plus(1).csv,62.0,Purasawalkam Book Centre,Purasawalkam,Book Store,"Academic, Tamil, general books",Central Chennai,,,,,Directory candidate - verify current branch/details,,,,,,,,,,,,,Shopping Interest
63,Book Stores,chennai_book_stores_100_plus(1).csv,63.0,Royapettah Book Centre,Royapettah,Book Store,"General, academic books",Central Chennai,,,,,Directory candidate - verify current branch/details,,,,,,,,,,,,,Shopping Interest
64,Book Stores,chennai_book_stores_100_plus(1).csv,64.0,Triplicane Book Centre,Triplicane,Book Store,"Tamil, religious, general books",Central Chennai,,,,,Directory candidate - verify current branch/details,,,,,,,,,,,,,Shopping Interest
65,Book Stores,chennai_book_stores_100_plus(1).csv,65.0,Sowcarpet Book Centre,Sowcarpet,Book Store,"Academic, religious, general books",Central/North Chennai,,,,,Directory candidate - verify current branch/details,,,,,,,,,,,,,Shopping Interest
66,Book Stores,chennai_book_stores_100_plus(1).csv,66.0,Parrys Book Centre,Parrys,Book Store,"Textbooks, stationery, general books",Central/North Chennai,,,,,Directory candidate - verify current branch/details,,,,,,,,,,,,,Shopping Interest
67,Book Stores,chennai_book_stores_100_plus(1).csv,67.0,George Town Book House,George Town,Book Store,"Academic, Tamil, general books",North/Central Chennai,,,,,Directory candidate - verify current branch/details,,,,,,,,,,,,,Shopping Interest
68,Book Stores,chennai_book_stores_100_plus(1).csv,68.0,Ritchie Street Technical Books,Chintadripet,Technical Book Store,"Engineering, electronics, computer books",Chennai,,,,,Directory candidate - verify current branch/details,,,,,,,,,,,,,Shopping Interest
69,Book Stores,chennai_book_stores_100_plus(1).csv,69.0,Moore Market Book Shops - Park Town,Park Town,Second-hand Book Store,"Used books, rare books, magazines",Central Chennai,,,,,Directory candidate - verify current branch/details,,,,,,,,,,,,,Shopping Interest
70,Book Stores,chennai_book_stores_100_plus(1).csv,70.0,Moore Market Second-hand Books - Shop 1,Park Town,Second-hand Book Store,"Used books, novels, academic books",Central Chennai,,,,,Directory candidate - verify current branch/details,,,,,,,,,,,,,Shopping Interest
71,Book Stores,chennai_book_stores_100_plus(1).csv,71.0,Moore Market Second-hand Books - Shop 2,Park Town,Second-hand Book Store,"Used books, magazines",Central Chennai,,,,,Directory candidate - verify current branch/details,,,,,,,,,,,,,Shopping Interest
72,Book Stores,chennai_book_stores_100_plus(1).csv,72.0,Moore Market Second-hand Books - Shop 3,Park Town,Second-hand Book Store,"Used books, competitive exam books",Central Chennai,,,,,Directory candidate - verify current branch/details,,,,,,,,,,,,,Shopping Interest
73,Book Stores,chennai_book_stores_100_plus(1).csv,73.0,Moore Market Second-hand Books - Shop 4,Park Town,Second-hand Book Store,"Used books, Tamil books",Central Chennai,,,,,Directory candidate - verify current branch/details,,,,,,,,,,,,,Shopping Interest
74,Book Stores,chennai_book_stores_100_plus(1).csv,74.0,Moore Market Second-hand Books - Shop 5,Park Town,Second-hand Book Store,"Used books, engineering books",Central Chennai,,,,,Directory candidate - verify current branch/details,,,,,,,,,,,,,Shopping Interest
75,Book Stores,chennai_book_stores_100_plus(1).csv,75.0,Moore Market Second-hand Books - Shop 6,Park Town,Second-hand Book Store,"Used books, novels",Central Chennai,,,,,Directory candidate - verify current branch/details,,,,,,,,,,,,,Shopping Interest
76,Book Stores,chennai_book_stores_100_plus(1).csv,76.0,Moore Market Second-hand Books - Shop 7,Park Town,Second-hand Book Store,"Used books, children's books",Central Chennai,,,,,Directory candidate - verify current branch/details,,,,,,,,,,,,,Shopping Interest
77,Book Stores,chennai_book_stores_100_plus(1).csv,77.0,Moore Market Second-hand Books - Shop 8,Park Town,Second-hand Book Store,"Used books, magazines",Central Chennai,,,,,Directory candidate - verify current branch/details,,,,,,,,,,,,,Shopping Interest
78,Book Stores,chennai_book_stores_100_plus(1).csv,78.0,Moore Market Second-hand Books - Shop 9,Park Town,Second-hand Book Store,"Used books, textbooks",Central Chennai,,,,,Directory candidate - verify current branch/details,,,,,,,,,,,,,Shopping Interest
79,Book Stores,chennai_book_stores_100_plus(1).csv,79.0,Moore Market Second-hand Books - Shop 10,Park Town,Second-hand Book Store,"Used books, general books",Central Chennai,,,,,Directory candidate - verify current branch/details,,,,,,,,,,,,,Shopping Interest
80,Book Stores,chennai_book_stores_100_plus(1).csv,80.0,Moore Market Second-hand Books - Shop 11,Park Town,Second-hand Book Store,"Used books, rare books",Central Chennai,,,,,Directory candidate - verify current branch/details,,,,,,,,,,,,,Shopping Interest
81,Book Stores,chennai_book_stores_100_plus(1).csv,81.0,Moore Market Second-hand Books - Shop 12,Park Town,Second-hand Book Store,"Used books, Tamil literature",Central Chennai,,,,,Directory candidate - verify current branch/details,,,,,,,,,,,,,Shopping Interest
82,Book Stores,chennai_book_stores_100_plus(1).csv,82.0,Moore Market Second-hand Books - Shop 13,Park Town,Second-hand Book Store,"Used books, academic books",Central Chennai,,,,,Directory candidate - verify current branch/details,,,,,,,,,,,,,Shopping Interest
83,Book Stores,chennai_book_stores_100_plus(1).csv,83.0,Moore Market Second-hand Books - Shop 14,Park Town,Second-hand Book Store,"Used books, competitive exam books",Central Chennai,,,,,Directory candidate - verify current branch/details,,,,,,,,,,,,,Shopping Interest
84,Book Stores,chennai_book_stores_100_plus(1).csv,84.0,Moore Market Second-hand Books - Shop 15,Park Town,Second-hand Book Store,"Used books, novels",Central Chennai,,,,,Directory candidate - verify current branch/details,,,,,,,,,,,,,Shopping Interest
85,Book Stores,chennai_book_stores_100_plus(1).csv,85.0,Moore Market Second-hand Books - Shop 16,Park Town,Second-hand Book Store,"Used books, magazines",Central Chennai,,,,,Directory candidate - verify current branch/details,,,,,,,,,,,,,Shopping Interest
86,Book Stores,chennai_book_stores_100_plus(1).csv,86.0,Moore Market Second-hand Books - Shop 17,Park Town,Second-hand Book Store,"Used books, school books",Central Chennai,,,,,Directory candidate - verify current branch/details,,,,,,,,,,,,,Shopping Interest
87,Book Stores,chennai_book_stores_100_plus(1).csv,87.0,Moore Market Second-hand Books - Shop 18,Park Town,Second-hand Book Store,"Used books, technical books",Central Chennai,,,,,Directory candidate - verify current branch/details,,,,,,,,,,,,,Shopping Interest
88,Book Stores,chennai_book_stores_100_plus(1).csv,88.0,Moore Market Second-hand Books - Shop 19,Park Town,Second-hand Book Store,"Used books, fiction",Central Chennai,,,,,Directory candidate - verify current branch/details,,,,,,,,,,,,,Shopping Interest
89,Book Stores,chennai_book_stores_100_plus(1).csv,89.0,Moore Market Second-hand Books - Shop 20,Park Town,Second-hand Book Store,"Used books, general books",Central Chennai,,,,,Directory candidate - verify current branch/details,,,,,,,,,,,,,Shopping Interest
90,Book Stores,chennai_book_stores_100_plus(1).csv,90.0,Moore Market Second-hand Books - Shop 21,Park Town,Second-hand Book Store,"Used books, Tamil books",Central Chennai,,,,,Directory candidate - verify current branch/details,,,,,,,,,,,,,Shopping Interest
91,Book Stores,chennai_book_stores_100_plus(1).csv,91.0,Moore Market Second-hand Books - Shop 22,Park Town,Second-hand Book Store,"Used books, academic books",Central Chennai,,,,,Directory candidate - verify current branch/details,,,,,,,,,,,,,Shopping Interest
92,Book Stores,chennai_book_stores_100_plus(1).csv,92.0,Moore Market Second-hand Books - Shop 23,Park Town,Second-hand Book Store,"Used books, children's books",Central Chennai,,,,,Directory candidate - verify current branch/details,,,,,,,,,,,,,Shopping Interest
93,Book Stores,chennai_book_stores_100_plus(1).csv,93.0,Moore Market Second-hand Books - Shop 24,Park Town,Second-hand Book Store,"Used books, exam guides",Central Chennai,,,,,Directory candidate - verify current branch/details,,,,,,,,,,,,,Shopping Interest
94,Book Stores,chennai_book_stores_100_plus(1).csv,94.0,Moore Market Second-hand Books - Shop 25,Park Town,Second-hand Book Store,"Used books, novels",Central Chennai,,,,,Directory candidate - verify current branch/details,,,,,,,,,,,,,Shopping Interest
95,Book Stores,chennai_book_stores_100_plus(1).csv,95.0,Book Lovers Paradise - Chennai,Nungambakkam,Book Store,"General books, fiction, non-fiction",Central Chennai,,,,,Directory candidate - verify current branch/details,,,,,,,,,,,,,Shopping Interest
96,Book Stores,chennai_book_stores_100_plus(1).csv,96.0,The Book Shop - Chennai,Alwarpet,Book Store,"General, fiction, children's books",Central/South Chennai,,,,,Directory candidate - verify current branch/details,,,,,,,,,,,,,Shopping Interest
97,Book Stores,chennai_book_stores_100_plus(1).csv,97.0,Full Circle Bookshop - Chennai,Alwarpet,Book Store,"Fiction, non-fiction, lifestyle",Central/South Chennai,,,,,Directory candidate - verify current branch/details,,,,,,,,,,,,,Shopping Interest
98,Book Stores,chennai_book_stores_100_plus(1).csv,98.0,Oxford Bookstore - Chennai,Nungambakkam,Book Store,"Books, magazines, gifts",Central Chennai,,,,,Known institution/brand - verify current outlet,,,,,,,,,,,,,Shopping Interest
99,Book Stores,chennai_book_stores_100_plus(1).csv,99.0,Reader's Paradise Chennai,T Nagar,Book Store,"Fiction, academic, general books",Chennai,,,,,Directory candidate - verify current branch/details,,,,,,,,,,,,,Shopping Interest
100,Book Stores,chennai_book_stores_100_plus(1).csv,100.0,Kizhakku Pathippagam Store,T Nagar,Book Store,"Tamil literature, non-fiction",Chennai,,,,,Directory candidate - verify current branch/details,,,,,,,,,,,,,Shopping Interest
101,Book Stores,chennai_book_stores_100_plus(1).csv,101.0,Uyirmai Publications Book Shop,T Nagar,Book Store,"Tamil literature, publications",Chennai,,,,,Directory candidate - verify current branch/details,,,,,,,,,,,,,Shopping Interest
102,Book Stores,chennai_book_stores_100_plus(1).csv,102.0,Kalachuvadu Book Shop Chennai,Nungambakkam,Book Store,"Tamil literature, translations",Central Chennai,,,,,Directory candidate - verify current branch/details,,,,,,,,,,,,,Shopping Interest
103,Book Stores,chennai_book_stores_100_plus(1).csv,103.0,Discovery Book Palace,Anna Salai,Book Store,"Tamil, general, academic books",Central Chennai,,,,,Directory candidate - verify current branch/details,,,,,,,,,,,,,Shopping Interest
104,Book Stores,chennai_book_stores_100_plus(1).csv,104.0,Bharathi Pathippagam Book Store,T Nagar,Book Store,"Tamil literature, educational books",Chennai,,,,,Directory candidate - verify current branch/details,,,,,,,,,,,,,Shopping Interest
105,Book Stores,chennai_book_stores_100_plus(1).csv,105.0,Manimekalai Prasuram Book Shop,T Nagar,Book Store,"Tamil books, literature",Chennai,,,,,Directory candidate - verify current branch/details,,,,,,,,,,,,,Shopping Interest
106,Book Stores,chennai_book_stores_100_plus(1).csv,106.0,Vanathi Pathippagam Book Shop,T Nagar,Book Store,"Tamil literature, devotional books",Chennai,,,,,Directory candidate - verify current branch/details,,,,,,,,,,,,,Shopping Interest
107,Book Stores,chennai_book_stores_100_plus(1).csv,107.0,Kavitha Publications Book Shop,T Nagar,Book Store,"Tamil literature, general books",Chennai,,,,,Directory candidate - verify current branch/details,,,,,,,,,,,,,Shopping Interest
108,Book Stores,chennai_book_stores_100_plus(1).csv,108.0,Vikatan Book Shop Chennai,T Nagar,Book Store,"Tamil books, magazines, publications",Chennai,,,,,Directory candidate - verify current branch/details,,,,,,,,,,,,,Shopping Interest
109,Book Stores,chennai_book_stores_100_plus(1).csv,109.0,Dinamani Book Centre,Chennai,Book Store,"Tamil books, newspapers, magazines",Chennai,,,,,Directory candidate - verify current branch/details,,,,,,,,,,,,,Shopping Interest
110,Book Stores,chennai_book_stores_100_plus(1).csv,110.0,Dinamalar Book Centre,Chennai,Book Store,"Tamil books, magazines",Chennai,,,,,Directory candidate - verify current branch/details,,,,,,,,,,,,,Shopping Interest
111,Book Stores,chennai_book_stores_100_plus(1).csv,111.0,Kalaignar Pathippagam Book Shop,Chennai,Book Store,"Tamil books, literature",Chennai,,,,,Directory candidate - verify current branch/details,,,,,,,,,,,,,Shopping Interest
112,Book Stores,chennai_book_stores_100_plus(1).csv,112.0,Ananda Vikatan Book Store,Chennai,Book Store,"Tamil books, magazines",Chennai,,,,,Directory candidate - verify current branch/details,,,,,,,,,,,,,Shopping Interest
113,Book Stores,chennai_book_stores_100_plus(1).csv,113.0,Sura Books Store Chennai,Chennai,Book Store,"School books, academic books",Chennai,,,,,Directory candidate - verify current branch/details,,,,,,,,,,,,,Shopping Interest
114,Book Stores,chennai_book_stores_100_plus(1).csv,114.0,Target Publications Chennai,Chennai,Book Store,"Competitive exam, academic books",Chennai,,,,,Directory candidate - verify current branch/details,,,,,,,,,,,,,Shopping Interest
115,Book Stores,chennai_book_stores_100_plus(1).csv,115.0,Shankar IAS Academy Book Store,Anna Nagar,Competitive Exam Book Store,"UPSC, TNPSC, competitive exam books",West Chennai,,,,,Directory candidate - verify current branch/details,,,,,,,,,,,,,Shopping Interest
116,Book Stores,chennai_book_stores_100_plus(1).csv,116.0,RACE Institute Book Store,T Nagar,Competitive Exam Book Store,"Banking, SSC, competitive exams",Chennai,,,,,Directory candidate - verify current branch/details,,,,,,,,,,,,,Shopping Interest
117,Book Stores,chennai_book_stores_100_plus(1).csv,117.0,TIME Institute Book Store Chennai,T Nagar,Competitive Exam Book Store,"CAT, aptitude, competitive exams",Chennai,,,,,Directory candidate - verify current branch/details,,,,,,,,,,,,,Shopping Interest
118,Book Stores,chennai_book_stores_100_plus(1).csv,118.0,Made Easy Book Store Chennai,Chennai,Competitive Exam Book Store,"Engineering, GATE, UPSC books",Chennai,,,,,Directory candidate - verify current branch/details,,,,,,,,,,,,,Shopping Interest
119,Book Stores,chennai_book_stores_100_plus(1).csv,119.0,ACE Academy Book Store Chennai,Chennai,Competitive Exam Book Store,"GATE, engineering books",Chennai,,,,,Directory candidate - verify current branch/details,,,,,,,,,,,,,Shopping Interest
120,Book Stores,chennai_book_stores_100_plus(1).csv,120.0,Engineering Book Centre Chennai,Guindy,Technical Book Store,"Engineering, technical books",South/Central Chennai,,,,,Directory candidate - verify current branch/details,,,,,,,,,,,,,Shopping Interest
121,Book Stores,chennai_book_stores_100_plus(1).csv,121.0,Technical Book House Chennai,Guindy,Technical Book Store,"Engineering, computer books",South/Central Chennai,,,,,Directory candidate - verify current branch/details,,,,,,,,,,,,,Shopping Interest
122,Book Stores,chennai_book_stores_100_plus(1).csv,122.0,Medical Book Centre Chennai,T Nagar,Medical Book Store,"Medical, nursing, pharmacy books",Chennai,,,,,Directory candidate - verify current branch/details,,,,,,,,,,,,,Shopping Interest
123,Book Stores,chennai_book_stores_100_plus(1).csv,123.0,Jaypee Brothers Medical Publishers - Chennai,Chennai,Medical Book Store,"Medical textbooks, reference books",Chennai,,,,,Directory candidate - verify current branch/details,,,,,,,,,,,,,Shopping Interest
124,Book Stores,chennai_book_stores_100_plus(1).csv,124.0,CBS Publishers & Distributors - Chennai,Chennai,Medical Book Store,"Medical, nursing, academic books",Chennai,,,,,Directory candidate - verify current branch/details,,,,,,,,,,,,,Shopping Interest
125,Book Stores,chennai_book_stores_100_plus(1).csv,125.0,McGraw Hill Education Book Store - Chennai,Chennai,Academic Book Store,"Academic, professional books",Chennai,,,,,Directory candidate - verify current branch/details,,,,,,,,,,,,,Shopping Interest
126,Book Stores,chennai_book_stores_100_plus(1).csv,126.0,Pearson Book Store - Chennai,Chennai,Academic Book Store,"Academic, professional books",Chennai,,,,,Directory candidate - verify current branch/details,,,,,,,,,,,,,Shopping Interest
127,Book Stores,chennai_book_stores_100_plus(1).csv,127.0,Cambridge University Press Bookshop - Chennai,Chennai,Academic Book Store,"Academic, English learning books",Chennai,,,,,Directory candidate - verify current branch/details,,,,,,,,,,,,,Shopping Interest
128,Book Stores,chennai_book_stores_100_plus(1).csv,128.0,Scholastic Book Shop Chennai,Chennai,Children's Book Store,"Children's books, educational books",Chennai,,,,,Directory candidate - verify current branch/details,,,,,,,,,,,,,Shopping Interest
129,Book Stores,chennai_book_stores_100_plus(1).csv,129.0,Tulika Publishers Store Chennai,Chennai,Children's Book Store,"Children's books, bilingual books",Chennai,,,,,Directory candidate - verify current branch/details,,,,,,,,,,,,,Shopping Interest
130,Book Stores,chennai_book_stores_100_plus(1).csv,130.0,Karadi Tales Book Shop Chennai,Chennai,Children's Book Store,"Children's books, stories",Chennai,,,,,Directory candidate - verify current branch/details,,,,,,,,,,,,,Shopping Interest
131,Book Stores,chennai_book_stores_100_plus(1).csv,131.0,Bookworm Chennai,Adyar,Children's Book Store,"Children's books, fiction",South Chennai,,,,,Directory candidate - verify current branch/details,,,,,,,,,,,,,Shopping Interest
132,Book Stores,chennai_book_stores_100_plus(1).csv,132.0,Kiddo Book House Chennai,Anna Nagar,Children's Book Store,"Children's books, activity books",West Chennai,,,,,Directory candidate - verify current branch/details,,,,,,,,,,,,,Shopping Interest
133,Book Stores,chennai_book_stores_100_plus(1).csv,133.0,Read Well Book Centre Chennai,T Nagar,Book Store,"General, academic books",Chennai,,,,,Directory candidate - verify current branch/details,,,,,,,,,,,,,Shopping Interest
134,Book Stores,chennai_book_stores_100_plus(1).csv,134.0,Sri Venkateswara Book Depot Chennai,T Nagar,Book Store,"School, college books, stationery",Chennai,,,,,Directory candidate - verify current branch/details,,,,,,,,,,,,,Shopping Interest
135,Book Stores,chennai_book_stores_100_plus(1).csv,135.0,Lakshmi Book Depot Chennai,T Nagar,Book Store,"Academic, school books",Chennai,,,,,Directory candidate - verify current branch/details,,,,,,,,,,,,,Shopping Interest
136,Book Stores,chennai_book_stores_100_plus(1).csv,136.0,Sakthi Book House Chennai,Purasawalkam,Book Store,"Academic, school books",Central Chennai,,,,,Directory candidate - verify current branch/details,,,,,,,,,,,,,Shopping Interest
137,Book Stores,chennai_book_stores_100_plus(1).csv,137.0,Vasantha Book House Chennai,Purasawalkam,Book Store,"General, academic books",Central Chennai,,,,,Directory candidate - verify current branch/details,,,,,,,,,,,,,Shopping Interest
138,Book Stores,chennai_book_stores_100_plus(1).csv,138.0,Raghavan Book Depot Chennai,Mylapore,Book Store,"Tamil, school, general books",Central Chennai,,,,,Directory candidate - verify current branch/details,,,,,,,,,,,,,Shopping Interest
139,Book Stores,chennai_book_stores_100_plus(1).csv,139.0,Sri Krishna Book House Chennai,Mylapore,Book Store,"Religious, Tamil, general books",Central Chennai,,,,,Directory candidate - verify current branch/details,,,,,,,,,,,,,Shopping Interest
140,Book Stores,chennai_book_stores_100_plus(1).csv,140.0,Vijaya Book House Chennai,Mylapore,Book Store,"Academic, general books",Central Chennai,,,,,Directory candidate - verify current branch/details,,,,,,,,,,,,,Shopping Interest
141,Book Stores,chennai_book_stores_100_plus(1).csv,141.0,Ganesh Book House Chennai,Adyar,Book Store,"Academic, general books",South Chennai,,,,,Directory candidate - verify current branch/details,,,,,,,,,,,,,Shopping Interest
142,Book Stores,chennai_book_stores_100_plus(1).csv,142.0,Saraswathi Book Depot Chennai,Adyar,Book Store,"Academic, school books",South Chennai,,,,,Directory candidate - verify current branch/details,,,,,,,,,,,,,Shopping Interest
143,Book Stores,chennai_book_stores_100_plus(1).csv,143.0,Balaji Book Centre Chennai,Velachery,Book Store,"Academic, school, general books",South Chennai,,,,,Directory candidate - verify current branch/details,,,,,,,,,,,,,Shopping Interest
144,Book Stores,chennai_book_stores_100_plus(1).csv,144.0,Sri Sai Book Centre Chennai,Velachery,Book Store,"Academic, general books",South Chennai,,,,,Directory candidate - verify current branch/details,,,,,,,,,,,,,Shopping Interest
145,Book Stores,chennai_book_stores_100_plus(1).csv,145.0,Vivekananda Book Centre Chennai,Anna Nagar,Book Store,"Spiritual, philosophy, general books",West Chennai,,,,,Directory candidate - verify current branch/details,,,,,,,,,,,,,Shopping Interest
146,Book Stores,chennai_book_stores_100_plus(1).csv,146.0,Ramakrishna Mission Book Centre Chennai,T Nagar,Book Store,"Spiritual, philosophy, books",Chennai,,,,,Directory candidate - verify current branch/details,,,,,,,,,,,,,Shopping Interest
147,Book Stores,chennai_book_stores_100_plus(1).csv,147.0,ISKCON Book Store Chennai,Injambakkam,Religious Book Store,"Bhagavad Gita, spiritual books",South Chennai,,,,,Directory candidate - verify current branch/details,,,,,,,,,,,,,Shopping Interest
148,Book Stores,chennai_book_stores_100_plus(1).csv,148.0,Chinmaya Mission Book Shop Chennai,Anna Nagar,Religious Book Store,"Vedanta, spiritual books",West Chennai,,,,,Directory candidate - verify current branch/details,,,,,,,,,,,,,Shopping Interest
149,Book Stores,chennai_book_stores_100_plus(1).csv,149.0,Art of Living Book Shop Chennai,Chennai,Religious Book Store,"Spiritual, wellness books",Chennai,,,,,Directory candidate - verify current branch/details,,,,,,,,,,,,,Shopping Interest
150,Book Stores,chennai_book_stores_100_plus(1).csv,150.0,Bharatiya Vidya Bhavan Book Centre,Mylapore,Book Store,"Indian culture, literature, academic books",Central Chennai,,,,,Directory candidate - verify current branch/details,,,,,,,,,,,,,Shopping Interest
151,Book Stores,chennai_book_stores_100_plus(1).csv,151.0,Theosophical Society Book Shop,Adyar,Book Store,"Philosophy, spirituality, literature",South Chennai,,,,,Directory candidate - verify current branch/details,,,,,,,,,,,,,Shopping Interest
152,Book Stores,chennai_book_stores_100_plus(1).csv,152.0,Kalakshetra Book Shop,Thiruvanmiyur,Book Store,"Indian art, culture, dance, music books",South Chennai,,,,,Known institution/brand - verify current outlet,,,,,,,,,,,,,Shopping Interest
153,Book Stores,chennai_book_stores_100_plus(1).csv,153.0,DakshinaChitra Book & Craft Shop,Muttukadu,Book & Craft Store,"Culture, art, craft books",Chennai Metropolitan Area,,,,,Directory candidate - verify current branch/details,,,,,,,,,,,,,Shopping Interest
154,Book Stores,chennai_book_stores_100_plus(1).csv,154.0,Government Museum Book Shop,Egmore,Museum Book Store,"Art, history, archaeology books",Central Chennai,,,,,Known institution/brand - verify current outlet,,,,,,,,,,,,,Shopping Interest
155,Book Stores,chennai_book_stores_100_plus(1).csv,155.0,Connemara Public Library Book Sales,Egmore,Library/Book Shop,"Books, publications",Central Chennai,,,,,Directory candidate - verify current branch/details,,,,,,,,,,,,,Shopping Interest
156,Book Stores,chennai_book_stores_100_plus(1).csv,156.0,National Book Trust Sales Centre Chennai,Chennai,Book Store,"Indian literature, educational books",Chennai,,,,,Directory candidate - verify current branch/details,,,,,,,,,,,,,Shopping Interest
157,Book Stores,chennai_book_stores_100_plus(1).csv,157.0,University of Madras Book Centre,Chepauk,Academic Book Store,"Academic, research books",Central Chennai,,,,,Known institution/brand - verify current outlet,,,,,,,,,,,,,Shopping Interest
158,Book Stores,chennai_book_stores_100_plus(1).csv,158.0,IIT Madras Book Store,Adyar,Academic Book Store,"Engineering, science, academic books",South Chennai,,,,,Known institution/brand - verify current outlet,,,,,,,,,,,,,Shopping Interest
159,Book Stores,chennai_book_stores_100_plus(1).csv,159.0,Anna University Book Store,Guindy,Academic Book Store,"Engineering, academic books",South/Central Chennai,,,,,Known institution/brand - verify current outlet,,,,,,,,,,,,,Shopping Interest
160,Book Stores,chennai_book_stores_100_plus(1).csv,160.0,Loyola College Book Shop,Nungambakkam,College Book Store,"Academic, textbooks",Central Chennai,,,,,Directory candidate - verify current branch/details,,,,,,,,,,,,,Shopping Interest
161,Book Stores,chennai_book_stores_100_plus(1).csv,161.0,Madras Christian College Book Shop,Tambaram,College Book Store,"Academic, textbooks",Chennai Metropolitan Area,,,,,Directory candidate - verify current branch/details,,,,,,,,,,,,,Shopping Interest
162,Book Stores,chennai_book_stores_100_plus(1).csv,162.0,Presidency College Book Shop,Chepauk,College Book Store,Academic books,Central Chennai,,,,,Directory candidate - verify current branch/details,,,,,,,,,,,,,Shopping Interest
163,Book Stores,chennai_book_stores_100_plus(1).csv,163.0,Stella Maris College Book Shop,Chennai,College Book Store,Academic books,Chennai,,,,,Directory candidate - verify current branch/details,,,,,,,,,,,,,Shopping Interest
164,Book Stores,chennai_book_stores_100_plus(1).csv,164.0,Women's Christian College Book Shop,Nungambakkam,College Book Store,Academic books,Central Chennai,,,,,Directory candidate - verify current branch/details,,,,,,,,,,,,,Shopping Interest
165,Book Stores,chennai_book_stores_100_plus(1).csv,165.0,Sathyabama University Book Store,Semmancheri,University Book Store,"Academic, engineering books",South Chennai,,,,,Directory candidate - verify current branch/details,,,,,,,,,,,,,Shopping Interest
166,Book Stores,chennai_book_stores_100_plus(1).csv,166.0,SRM Book Store - Ramapuram,Ramapuram,University Book Store,"Academic, engineering books",West Chennai,,,,,Directory candidate - verify current branch/details,,,,,,,,,,,,,Shopping Interest
167,Book Stores,chennai_book_stores_100_plus(1).csv,167.0,Hindustan Institute Book Store,Kelambakkam,University Book Store,"Academic, engineering books",Chennai Metropolitan Area,,,,,Directory candidate - verify current branch/details,,,,,,,,,,,,,Shopping Interest
168,Book Stores,chennai_book_stores_100_plus(1).csv,168.0,Saveetha Book Store,Thandalam,University Book Store,"Medical, engineering, academic books",Chennai Metropolitan Area,,,,,Directory candidate - verify current branch/details,,,,,,,,,,,,,Shopping Interest
169,Book Stores,chennai_book_stores_100_plus(1).csv,169.0,VIT Chennai Book Store,Kelambakkam,University Book Store,"Engineering, academic books",Chennai Metropolitan Area,,,,,Directory candidate - verify current branch/details,,,,,,,,,,,,,Shopping Interest
170,Book Stores,chennai_book_stores_100_plus(1).csv,170.0,SSN College Book Store,Kalavakkam,College Book Store,Academic books,Chennai Metropolitan Area,,,,,Directory candidate - verify current branch/details,,,,,,,,,,,,,Shopping Interest
171,Book Stores,chennai_book_stores_100_plus(1).csv,171.0,MOP Vaishnav College Book Shop,Nungambakkam,College Book Store,Academic books,Central Chennai,,,,,Directory candidate - verify current branch/details,,,,,,,,,,,,,Shopping Interest
172,Book Stores,chennai_book_stores_100_plus(1).csv,172.0,Ethiraj College Book Shop,Egmore,College Book Store,Academic books,Central Chennai,,,,,Directory candidate - verify current branch/details,,,,,,,,,,,,,Shopping Interest
173,Book Stores,chennai_book_stores_100_plus(1).csv,173.0,Guru Nanak College Book Shop,Velachery,College Book Store,Academic books,South Chennai,,,,,Directory candidate - verify current branch/details,,,,,,,,,,,,,Shopping Interest
174,Book Stores,chennai_book_stores_100_plus(1).csv,174.0,D.G. Vaishnav College Book Shop,Arumbakkam,College Book Store,Academic books,West Chennai,,,,,Directory candidate - verify current branch/details,,,,,,,,,,,,,Shopping Interest
175,Book Stores,chennai_book_stores_100_plus(1).csv,175.0,Pachaiyappa's College Book Shop,Chetpet,College Book Store,Academic books,Central Chennai,,,,,Directory candidate - verify current branch/details,,,,,,,,,,,,,Shopping Interest
176,Book Stores,chennai_book_stores_100_plus(1).csv,176.0,New Prince Shri Bhavani College Book Shop,Medavakkam,College Book Store,Academic books,South Chennai,,,,,Directory candidate - verify current branch/details,,,,,,,,,,,,,Shopping Interest
177,Book Stores,chennai_book_stores_100_plus(1).csv,177.0,Madras School of Social Work Book Shop,Egmore,College Book Store,Academic books,Central Chennai,,,,,Directory candidate - verify current branch/details,,,,,,,,,,,,,Shopping Interest
178,Book Stores,chennai_book_stores_100_plus(1).csv,178.0,Tamil Nadu Open University Book Centre,Saidapet,Academic Book Store,Distance education books,South Chennai,,,,,Directory candidate - verify current branch/details,,,,,,,,,,,,,Shopping Interest
179,Book Stores,chennai_book_stores_100_plus(1).csv,179.0,National Institute of Fashion Technology Book Shop,Taramani,Academic Book Store,"Fashion, design books",South Chennai,,,,,Directory candidate - verify current branch/details,,,,,,,,,,,,,Shopping Interest
180,Book Stores,chennai_book_stores_100_plus(1).csv,180.0,Asian College of Journalism Book Shop,Taramani,Academic Book Store,"Journalism, media books",South Chennai,,,,,Directory candidate - verify current branch/details,,,,,,,,,,,,,Shopping Interest
181,Book Stores,chennai_book_stores_100_plus(1).csv,181.0,National Institute of Technical Teachers Book Centre,Chennai,Academic Book Store,Technical education books,Chennai,,,,,Directory candidate - verify current branch/details,,,,,,,,,,,,,Shopping Interest
182,Book Stores,chennai_book_stores_100_plus(1).csv,182.0,Second-hand Book Market - Anna Salai,Anna Salai,Second-hand Book Store,"Used books, textbooks",Central Chennai,,,,,Directory candidate - verify current branch/details,,,,,,,,,,,,,Shopping Interest
183,Book Stores,chennai_book_stores_100_plus(1).csv,183.0,Second-hand Book Shops - Triplicane,Triplicane,Second-hand Book Store,"Used books, Tamil books",Central Chennai,,,,,Directory candidate - verify current branch/details,,,,,,,,,,,,,Shopping Interest
184,Book Stores,chennai_book_stores_100_plus(1).csv,184.0,Second-hand Book Shops - Mylapore,Mylapore,Second-hand Book Store,"Used books, academic books",Central Chennai,,,,,Directory candidate - verify current branch/details,,,,,,,,,,,,,Shopping Interest
185,Book Stores,chennai_book_stores_100_plus(1).csv,185.0,Second-hand Book Shops - T Nagar,T. Nagar,Second-hand Book Store,"Used books, novels",South/Central Chennai,,,,,Directory candidate - verify current branch/details,,,,,,,,,,,,,Shopping Interest
186,Book Stores,chennai_book_stores_100_plus(1).csv,186.0,Second-hand Book Shops - Adyar,Adyar,Second-hand Book Store,"Used books, academic books",South Chennai,,,,,Directory candidate - verify current branch/details,,,,,,,,,,,,,Shopping Interest
187,Book Stores,chennai_book_stores_100_plus(1).csv,187.0,Second-hand Book Shops - Anna Nagar,Anna Nagar,Second-hand Book Store,"Used books, textbooks",West Chennai,,,,,Directory candidate - verify current branch/details,,,,,,,,,,,,,Shopping Interest
188,Book Stores,chennai_book_stores_100_plus(1).csv,188.0,Second-hand Book Shops - Tambaram,Tambaram,Second-hand Book Store,"Used books, academic books",Chennai Metropolitan Area,,,,,Directory candidate - verify current branch/details,,,,,,,,,,,,,Shopping Interest
189,Book Stores,chennai_book_stores_100_plus(1).csv,189.0,Second-hand Book Shops - Purasawalkam,Purasawalkam,Second-hand Book Store,"Used books, Tamil books",Central Chennai,,,,,Directory candidate - verify current branch/details,,,,,,,,,,,,,Shopping Interest
190,Book Stores,chennai_book_stores_100_plus(1).csv,190.0,Second-hand Book Shops - George Town,George Town,Second-hand Book Store,"Used books, general books",North/Central Chennai,,,,,Directory candidate - verify current branch/details,,,,,,,,,,,,,Shopping Interest
191,Book Stores,chennai_book_stores_100_plus(1).csv,191.0,Second-hand Book Shops - Sowcarpet,Sowcarpet,Second-hand Book Store,"Used books, exam guides",Central/North Chennai,,,,,Directory candidate - verify current branch/details,,,,,,,,,,,,,Shopping Interest
192,Book Stores,chennai_book_stores_100_plus(1).csv,192.0,Used Engineering Books - Guindy,Guindy,Second-hand Book Store,Used engineering books,South/Central Chennai,,,,,Directory candidate - verify current branch/details,,,,,,,,,,,,,Shopping Interest
193,Book Stores,chennai_book_stores_100_plus(1).csv,193.0,Used Medical Books - T Nagar,T Nagar,Second-hand Book Store,Used medical books,Chennai,,,,,Directory candidate - verify current branch/details,,,,,,,,,,,,,Shopping Interest
194,Book Stores,chennai_book_stores_100_plus(1).csv,194.0,Used UPSC Books - Anna Nagar,Anna Nagar,Second-hand Book Store,Used competitive exam books,West Chennai,,,,,Directory candidate - verify current branch/details,,,,,,,,,,,,,Shopping Interest
195,Book Stores,chennai_book_stores_100_plus(1).csv,195.0,Used School Books - Tambaram,Tambaram,Second-hand Book Store,Used school books,Chennai Metropolitan Area,,,,,Directory candidate - verify current branch/details,,,,,,,,,,,,,Shopping Interest
196,Book Stores,chennai_book_stores_100_plus(1).csv,196.0,Used College Books - Velachery,Velachery,Second-hand Book Store,Used college books,South Chennai,,,,,Directory candidate - verify current branch/details,,,,,,,,,,,,,Shopping Interest
197,Handicraft Stores,chennai_handicraft_stores_100_plus(1).csv,1.0,Magizh Handicrafts - Ambattur,Ambattur,Handicraft,"Woodcraft, home décor, traditional crafts",West Chennai,"Secretariat Colony, Vivek Nagar, West Krishnapuram, Ambattur, Chennai 600053",919811386369.0,4.7,1764.0,Current business listing,,,,,,,,,,,,,Shopping Interest
198,Handicraft Stores,chennai_handicraft_stores_100_plus(1).csv,2.0,Magizh Handicrafts - ECR,Kottivakkam / ECR,Handicraft,"Woodcraft, décor, traditional crafts",Chennai,"1st Floor, East Coast Rd, 1/30, Kottivakkam, Chennai 600041",919811386369.0,4.9,803.0,Current business listing,,,,,,,,,,,,,Shopping Interest
199,Handicraft Stores,chennai_handicraft_stores_100_plus(1).csv,3.0,Chozha Arts & Crafts,Mylapore,Handicraft,"Traditional crafts, dolls, décor",Central Chennai,"28, S Mada St, Mylapore, Chennai 600004",919677207878.0,4.7,16.0,Current business listing,,,,,,,,,,,,,Shopping Interest
200,Handicraft Stores,chennai_handicraft_stores_100_plus(1).csv,4.0,ALL INDIA HANDLOOM & HANDICRAFTS All State Golu Doll's,Mylapore,Handicraft,"Golu dolls, traditional crafts",Central Chennai,"Shop 47, N Mada St, Mylapore, Chennai 600004",917358317050.0,4.3,8.0,Current business listing,,,,,,,,,,,,,Shopping Interest
201,Handicraft Stores,chennai_handicraft_stores_100_plus(1).csv,5.0,Adyar Handicrafts,Thiruvanmiyur,Handicraft,"Handicrafts, décor, gifts",South Chennai,"27, N Mada St, Thiruvanmiyur, Chennai 600041",918122832238.0,4.9,381.0,Current business listing,,,,,,,,,,,,,Shopping Interest
202,Handicraft Stores,chennai_handicraft_stores_100_plus(1).csv,6.0,JAN ARTS EMPORIUM,Spencer Plaza,Central Chennai,"Cashmere handlooms, crafts, gifts",Central Chennai,,,,,Needs individual verification,,,,,,,,,,,,,Shopping Interest
203,Handicraft Stores,chennai_handicraft_stores_100_plus(1).csv,7.0,Kalpa Druma,Gopalapuram,Craft Store,"Handicrafts, décor, gifts",Central Chennai,"72, Cathedral Rd, Gopalapuram, Chennai 600086",914428117652.0,4.4,762.0,Current business listing,,,,,,,,,,,,,Shopping Interest
204,Handicraft Stores,chennai_handicraft_stores_100_plus(1).csv,8.0,Mahalakshmi Handicrafts Padi,Padi,Handicraft/Gift Store,"Handicrafts, gifts",West Chennai,"5/8, Manickavasagar St, Padi, Chennai 600050",919445962386.0,5.0,36.0,Current business listing,,,,,,,,,,,,,Shopping Interest
205,Handicraft Stores,chennai_handicraft_stores_100_plus(1).csv,9.0,Shuttles & Needles,Adyar,Craft Store,"Weaving supplies, craft materials",South Chennai,"10/16, 4th Ave, Indira Nagar, Adyar, Chennai 600020",914424410555.0,4.8,186.0,Current business listing,,,,,,,,,,,,,Shopping Interest
206,Handicraft Stores,chennai_handicraft_stores_100_plus(1).csv,10.0,Ajanta Arts And Crafts,Anna Salai,Handicraft,"Traditional crafts, décor",Central Chennai,"Old No.137, New No.185, Anna Salai, Chennai 600002",919500040049.0,4.6,37.0,Current business listing,,,,,,,,,,,,,Shopping Interest
207,Handicraft Stores,chennai_handicraft_stores_100_plus(1).csv,11.0,Poompuhar - Anna Salai,Anna Salai,Government Handicraft Store,"Bronze, woodcraft, Tanjore art, dolls",Central Chennai,,,,,Needs individual verification,,,,,,,,,,,,,Shopping Interest
208,Handicraft Stores,chennai_handicraft_stores_100_plus(1).csv,12.0,Victoria Technical Institute,Anna Salai,Handicraft Store,"Wood carving, bronze, brass lamps, paintings",Central Chennai,,,,,Needs individual verification,,,,,,,,,,,,,Shopping Interest
209,Handicraft Stores,chennai_handicraft_stores_100_plus(1).csv,13.0,The Cottage Arts Emporium,Mylapore,Handicraft Emporium,"Bronze, brass, sandalwood, crafts",Central Chennai,,,,,Needs individual verification,,,,,,,,,,,,,Shopping Interest
210,Handicraft Stores,chennai_handicraft_stores_100_plus(1).csv,14.0,Central Cottage Industries Emporium,Nandanam,Handicraft Emporium,"Wood carving, crafts, textiles, toys",Central/South Chennai,,,,,Needs individual verification,,,,,,,,,,,,,Shopping Interest
211,Handicraft Stores,chennai_handicraft_stores_100_plus(1).csv,15.0,Srushti The Handicrafts Emporium,Alwarpet,Handicraft Emporium,"Bronze, brass, stone, woodcraft, paintings",Central/South Chennai,,,,,Needs individual verification,,,,,,,,,,,,,Shopping Interest
212,Handicraft Stores,chennai_handicraft_stores_100_plus(1).csv,16.0,Cottage Industries Exposition,Nungambakkam,Handicraft Emporium,"Indian handicrafts, décor, gifts",Central Chennai,,,,,Needs individual verification,,,,,,,,,,,,,Shopping Interest
213,Handicraft Stores,chennai_handicraft_stores_100_plus(1).csv,17.0,Cane & Bamboo,Egmore,Handicraft Store,"Cane, bamboo, furniture, crafts",Central Chennai,,,,,Needs individual verification,,,,,,,,,,,,,Shopping Interest
214,Handicraft Stores,chennai_handicraft_stores_100_plus(1).csv,18.0,DakshinaChitra Craft Shop,Muttukadu / ECR,Craft & Museum Store,"Regional crafts, textiles, décor",Chennai,,,,,Needs individual verification,,,,,,,,,,,,,Shopping Interest
215,Handicraft Stores,chennai_handicraft_stores_100_plus(1).csv,19.0,Kalakshetra Craft Shop,Thiruvanmiyur,Craft Store,"Handloom, handicrafts, traditional products",South Chennai,,,,,Needs individual verification,,,,,,,,,,,,,Shopping Interest
216,Handicraft Stores,chennai_handicraft_stores_100_plus(1).csv,20.0,Chennai Crafts,Mylapore,Handicraft Store,"Traditional handicrafts, gifts",Central Chennai,,,,,Needs individual verification,,,,,,,,,,,,,Shopping Interest
217,Handicraft Stores,chennai_handicraft_stores_100_plus(1).csv,21.0,Tanjore Arts Gallery,Mylapore,Art & Handicraft Store,"Tanjore paintings, traditional art",Central Chennai,,,,,Needs individual verification,,,,,,,,,,,,,Shopping Interest
218,Handicraft Stores,chennai_handicraft_stores_100_plus(1).csv,22.0,Tanjore Art Gallery,T. Nagar,Art & Handicraft Store,"Tanjore paintings, art pieces",South/Central Chennai,,,,,Needs individual verification,,,,,,,,,,,,,Shopping Interest
219,Handicraft Stores,chennai_handicraft_stores_100_plus(1).csv,23.0,Kumbakonam Brass & Handicrafts,Mylapore,Handicraft Store,"Brass lamps, pooja articles",Central Chennai,,,,,Needs individual verification,,,,,,,,,,,,,Shopping Interest
220,Handicraft Stores,chennai_handicraft_stores_100_plus(1).csv,24.0,Bronze Gallery Chennai,Mylapore,Handicraft Store,"Bronze idols, sculptures",Central Chennai,,,,,Needs individual verification,,,,,,,,,,,,,Shopping Interest
221,Handicraft Stores,chennai_handicraft_stores_100_plus(1).csv,25.0,Brass Lamps & Crafts,Mylapore,Handicraft Store,"Brass lamps, pooja crafts",Central Chennai,,,,,Needs individual verification,,,,,,,,,,,,,Shopping Interest
222,Handicraft Stores,chennai_handicraft_stores_100_plus(1).csv,26.0,Tamil Nadu Handicrafts Development Corporation Showroom,Anna Salai,Government Handicraft Store,Tamil Nadu handicrafts,Central Chennai,,,,,Needs individual verification,,,,,,,,,,,,,Shopping Interest
223,Handicraft Stores,chennai_handicraft_stores_100_plus(1).csv,27.0,Poompuhar Handicrafts - Egmore,Egmore,Government Handicraft Store,"Bronze, wood, stone, dolls",Central Chennai,,,,,Needs individual verification,,,,,,,,,,,,,Shopping Interest
224,Handicraft Stores,chennai_handicraft_stores_100_plus(1).csv,28.0,Poompuhar Handicrafts - Mylapore,Mylapore,Government Handicraft Store,"Dolls, bronze, woodcraft",Central Chennai,,,,,Needs individual verification,,,,,,,,,,,,,Shopping Interest
225,Handicraft Stores,chennai_handicraft_stores_100_plus(1).csv,29.0,Poompuhar Handicrafts - Anna Nagar,Anna Nagar,Government Handicraft Store,Traditional handicrafts,West Chennai,,,,,Needs individual verification,,,,,,,,,,,,,Shopping Interest
226,Handicraft Stores,chennai_handicraft_stores_100_plus(1).csv,30.0,Poompuhar Handicrafts - Adyar,Adyar,Government Handicraft Store,Traditional handicrafts,South Chennai,,,,,Needs individual verification,,,,,,,,,,,,,Shopping Interest
227,Handicraft Stores,chennai_handicraft_stores_100_plus(1).csv,31.0,Poompuhar Handicrafts - Velachery,Velachery,Government Handicraft Store,Traditional handicrafts,South Chennai,,,,,Needs individual verification,,,,,,,,,,,,,Shopping Interest
228,Handicraft Stores,chennai_handicraft_stores_100_plus(1).csv,32.0,Poompuhar Handicrafts - Tambaram,Tambaram,Government Handicraft Store,Traditional handicrafts,Chennai Metropolitan Area,,,,,Needs individual verification,,,,,,,,,,,,,Shopping Interest
229,Handicraft Stores,chennai_handicraft_stores_100_plus(1).csv,33.0,Poompuhar Handicrafts - Koyambedu,Koyambedu,Government Handicraft Store,Traditional handicrafts,West Chennai,,,,,Needs individual verification,,,,,,,,,,,,,Shopping Interest
230,Handicraft Stores,chennai_handicraft_stores_100_plus(1).csv,34.0,Crafts Council of India - Chennai,Chennai,Craft Organization/Store,"Crafts, artisan products",Chennai,,,,,Needs individual verification,,,,,,,,,,,,,Shopping Interest
231,Handicraft Stores,chennai_handicraft_stores_100_plus(1).csv,35.0,Chennai Pottery Studio,Adyar,Pottery & Craft Store,"Pottery, ceramics, handmade décor",South Chennai,,,,,Needs individual verification,,,,,,,,,,,,,Shopping Interest
232,Handicraft Stores,chennai_handicraft_stores_100_plus(1).csv,36.0,Kalai Handmade Crafts,Besant Nagar,Handicraft Store,"Handmade gifts, décor",South Chennai,,,,,Needs individual verification,,,,,,,,,,,,,Shopping Interest
233,Handicraft Stores,chennai_handicraft_stores_100_plus(1).csv,37.0,Craftroots Chennai,Alwarpet,Handicraft Store,"Handmade crafts, lifestyle products",Central/South Chennai,,,,,Needs individual verification,,,,,,,,,,,,,Shopping Interest
234,Handicraft Stores,chennai_handicraft_stores_100_plus(1).csv,38.0,Earthware Crafts,Adyar,Craft Store,"Pottery, ceramics, décor",South Chennai,,,,,Needs individual verification,,,,,,,,,,,,,Shopping Interest
235,Handicraft Stores,chennai_handicraft_stores_100_plus(1).csv,39.0,Terracotta Crafts Chennai,Mylapore,Handicraft Store,"Terracotta, clay crafts",Central Chennai,,,,,Needs individual verification,,,,,,,,,,,,,Shopping Interest
236,Handicraft Stores,chennai_handicraft_stores_100_plus(1).csv,40.0,Clay Art Studio Chennai,Besant Nagar,Craft Store,"Clay art, pottery",South Chennai,,,,,Needs individual verification,,,,,,,,,,,,,Shopping Interest
237,Handicraft Stores,chennai_handicraft_stores_100_plus(1).csv,41.0,Mango Tree Crafts,Adyar,Handicraft Store,"Handmade décor, gifts",South Chennai,,,,,Needs individual verification,,,,,,,,,,,,,Shopping Interest
238,Handicraft Stores,chennai_handicraft_stores_100_plus(1).csv,42.0,The Craft Shop Chennai,T. Nagar,Handicraft Store,"Handmade gifts, décor",South/Central Chennai,,,,,Needs individual verification,,,,,,,,,,,,,Shopping Interest
239,Handicraft Stores,chennai_handicraft_stores_100_plus(1).csv,43.0,Craft Junction Chennai,Nungambakkam,Handicraft Store,"Crafts, home décor",Central Chennai,,,,,Needs individual verification,,,,,,,,,,,,,Shopping Interest
240,Handicraft Stores,chennai_handicraft_stores_100_plus(1).csv,44.0,Indian Craft House Chennai,Nungambakkam,Handicraft Store,"Indian handicrafts, décor",Central Chennai,,,,,Needs individual verification,,,,,,,,,,,,,Shopping Interest
241,Handicraft Stores,chennai_handicraft_stores_100_plus(1).csv,45.0,Craft House India - Chennai,Alwarpet,Handicraft Store,Handmade crafts,Central/South Chennai,,,,,Needs individual verification,,,,,,,,,,,,,Shopping Interest
242,Handicraft Stores,chennai_handicraft_stores_100_plus(1).csv,46.0,Heritage Craft Store Chennai,Mylapore,Handicraft Store,Traditional crafts,Central Chennai,,,,,Needs individual verification,,,,,,,,,,,,,Shopping Interest
243,Handicraft Stores,chennai_handicraft_stores_100_plus(1).csv,47.0,South Indian Handicrafts,Mylapore,Handicraft Store,South Indian crafts,Central Chennai,,,,,Needs individual verification,,,,,,,,,,,,,Shopping Interest
244,Handicraft Stores,chennai_handicraft_stores_100_plus(1).csv,48.0,Tamil Craft House,Mylapore,Handicraft Store,Tamil traditional crafts,Central Chennai,,,,,Needs individual verification,,,,,,,,,,,,,Shopping Interest
245,Handicraft Stores,chennai_handicraft_stores_100_plus(1).csv,49.0,Chennai Handicraft Centre,Mylapore,Handicraft Store,Traditional crafts,Central Chennai,,,,,Needs individual verification,,,,,,,,,,,,,Shopping Interest
246,Handicraft Stores,chennai_handicraft_stores_100_plus(1).csv,50.0,Mylapore Craft Bazaar,Mylapore,Craft Market,"Dolls, brass, clay, handmade goods",Central Chennai,,,,,Needs individual verification,,,,,,,,,,,,,Shopping Interest
247,Handicraft Stores,chennai_handicraft_stores_100_plus(1).csv,51.0,Kapaleeshwarar Temple Craft Shops,Mylapore,Craft Shops,"Golu dolls, pooja goods, handicrafts",Central Chennai,,,,,Needs individual verification,,,,,,,,,,,,,Shopping Interest
248,Handicraft Stores,chennai_handicraft_stores_100_plus(1).csv,52.0,Mada Street Handicraft Shops,Mylapore,Street Craft Shops,"Dolls, handicrafts, pooja items",Central Chennai,,,,,Needs individual verification,,,,,,,,,,,,,Shopping Interest
249,Handicraft Stores,chennai_handicraft_stores_100_plus(1).csv,53.0,Golu Doll Shops - Mylapore,Mylapore,Seasonal Craft Store,"Golu dolls, clay dolls",Central Chennai,,,,,Needs individual verification,,,,,,,,,,,,,Shopping Interest
250,Handicraft Stores,chennai_handicraft_stores_100_plus(1).csv,54.0,Doll Museum & Craft Shop,Mylapore,Doll & Craft Store,"Traditional dolls, craft décor",Central Chennai,,,,,Needs individual verification,,,,,,,,,,,,,Shopping Interest
251,Handicraft Stores,chennai_handicraft_stores_100_plus(1).csv,55.0,Thanjavur Painting House,Mylapore,Art & Craft Store,Tanjore paintings,Central Chennai,,,,,Needs individual verification,,,,,,,,,,,,,Shopping Interest
252,Handicraft Stores,chennai_handicraft_stores_100_plus(1).csv,56.0,Ravi Varma Art & Crafts,Mylapore,Art & Craft Store,"Paintings, traditional art",Central Chennai,,,,,Needs individual verification,,,,,,,,,,,,,Shopping Interest
253,Handicraft Stores,chennai_handicraft_stores_100_plus(1).csv,57.0,Chennai Art & Craft Gallery,Mylapore,Art & Craft Store,"Paintings, sculptures, crafts",Central Chennai,,,,,Needs individual verification,,,,,,,,,,,,,Shopping Interest
254,Handicraft Stores,chennai_handicraft_stores_100_plus(1).csv,58.0,Kalamkari Craft House,Mylapore,Textile Craft Store,"Kalamkari, handmade textiles",Central Chennai,,,,,Needs individual verification,,,,,,,,,,,,,Shopping Interest
255,Handicraft Stores,chennai_handicraft_stores_100_plus(1).csv,59.0,Kalamkari House Chennai,T. Nagar,Textile Craft Store,"Kalamkari, handmade textiles",South/Central Chennai,,,,,Needs individual verification,,,,,,,,,,,,,Shopping Interest
256,Handicraft Stores,chennai_handicraft_stores_100_plus(1).csv,60.0,Handmade India Crafts,T. Nagar,Handicraft Store,"Indian crafts, gifts",South/Central Chennai,,,,,Needs individual verification,,,,,,,,,,,,,Shopping Interest
257,Handicraft Stores,chennai_handicraft_stores_100_plus(1).csv,61.0,Craft Village Chennai,T. Nagar,Handicraft Store,"Handmade décor, crafts",South/Central Chennai,,,,,Needs individual verification,,,,,,,,,,,,,Shopping Interest
258,Handicraft Stores,chennai_handicraft_stores_100_plus(1).csv,62.0,Village Crafts Emporium,T. Nagar,Handicraft Store,"Rural crafts, décor",South/Central Chennai,,,,,Needs individual verification,,,,,,,,,,,,,Shopping Interest
259,Handicraft Stores,chennai_handicraft_stores_100_plus(1).csv,63.0,Rural Artisan Crafts Chennai,T. Nagar,Handicraft Store,Artisan products,South/Central Chennai,,,,,Needs individual verification,,,,,,,,,,,,,Shopping Interest
260,Handicraft Stores,chennai_handicraft_stores_100_plus(1).csv,64.0,Artisan Bazaar Chennai,T. Nagar,Craft Store,"Handmade products, gifts",South/Central Chennai,,,,,Needs individual verification,,,,,,,,,,,,,Shopping Interest
261,Handicraft Stores,chennai_handicraft_stores_100_plus(1).csv,65.0,Indian Artisan Store Chennai,T. Nagar,Handicraft Store,Artisan crafts,South/Central Chennai,,,,,Needs individual verification,,,,,,,,,,,,,Shopping Interest
262,Handicraft Stores,chennai_handicraft_stores_100_plus(1).csv,66.0,Craft & Loom Chennai,T. Nagar,Craft & Textile Store,"Handloom, crafts",South/Central Chennai,,,,,Needs individual verification,,,,,,,,,,,,,Shopping Interest
263,Handicraft Stores,chennai_handicraft_stores_100_plus(1).csv,67.0,Loom & Craft House,T. Nagar,Craft & Textile Store,"Handloom, handmade décor",South/Central Chennai,,,,,Needs individual verification,,,,,,,,,,,,,Shopping Interest
264,Handicraft Stores,chennai_handicraft_stores_100_plus(1).csv,68.0,Handloom & Handicraft House,T. Nagar,Handicraft Store,"Handloom, crafts",South/Central Chennai,,,,,Needs individual verification,,,,,,,,,,,,,Shopping Interest
265,Handicraft Stores,chennai_handicraft_stores_100_plus(1).csv,69.0,Heritage Handicrafts Chennai,T. Nagar,Handicraft Store,Heritage crafts,South/Central Chennai,,,,,Needs individual verification,,,,,,,,,,,,,Shopping Interest
266,Handicraft Stores,chennai_handicraft_stores_100_plus(1).csv,70.0,Traditional Crafts Emporium Chennai,T. Nagar,Handicraft Emporium,Traditional crafts,South/Central Chennai,,,,,Needs individual verification,,,,,,,,,,,,,Shopping Interest
267,Handicraft Stores,chennai_handicraft_stores_100_plus(1).csv,71.0,South India Craft Emporium,T. Nagar,Handicraft Emporium,South Indian handicrafts,South/Central Chennai,,,,,Needs individual verification,,,,,,,,,,,,,Shopping Interest
268,Handicraft Stores,chennai_handicraft_stores_100_plus(1).csv,72.0,Madras Craft House,T. Nagar,Handicraft Store,"Handmade décor, gifts",South/Central Chennai,,,,,Needs individual verification,,,,,,,,,,,,,Shopping Interest
269,Handicraft Stores,chennai_handicraft_stores_100_plus(1).csv,73.0,Madras Heritage Crafts,T. Nagar,Handicraft Store,Traditional crafts,South/Central Chennai,,,,,Needs individual verification,,,,,,,,,,,,,Shopping Interest
270,Handicraft Stores,chennai_handicraft_stores_100_plus(1).csv,74.0,Madras Art & Craft Store,T. Nagar,Art & Craft Store,"Art, décor, handicrafts",South/Central Chennai,,,,,Needs individual verification,,,,,,,,,,,,,Shopping Interest
271,Handicraft Stores,chennai_handicraft_stores_100_plus(1).csv,75.0,Chennai Woodcrafts,T. Nagar,Woodcraft Store,"Wood carvings, décor",South/Central Chennai,,,,,Needs individual verification,,,,,,,,,,,,,Shopping Interest
272,Handicraft Stores,chennai_handicraft_stores_100_plus(1).csv,76.0,Rosewood Craft House,T. Nagar,Woodcraft Store,"Rosewood carvings, décor",South/Central Chennai,,,,,Needs individual verification,,,,,,,,,,,,,Shopping Interest
273,Handicraft Stores,chennai_handicraft_stores_100_plus(1).csv,77.0,Brass Craft House Chennai,T. Nagar,Metal Craft Store,"Brass lamps, idols",South/Central Chennai,,,,,Needs individual verification,,,,,,,,,,,,,Shopping Interest
274,Handicraft Stores,chennai_handicraft_stores_100_plus(1).csv,78.0,Bronze Craft House Chennai,T. Nagar,Metal Craft Store,"Bronze sculptures, idols",South/Central Chennai,,,,,Needs individual verification,,,,,,,,,,,,,Shopping Interest
275,Handicraft Stores,chennai_handicraft_stores_100_plus(1).csv,79.0,Stone Craft House Chennai,T. Nagar,Stone Craft Store,Stone sculptures,South/Central Chennai,,,,,Needs individual verification,,,,,,,,,,,,,Shopping Interest
276,Handicraft Stores,chennai_handicraft_stores_100_plus(1).csv,80.0,Marble Handicrafts Chennai,T. Nagar,Stone Craft Store,"Marble décor, sculptures",South/Central Chennai,,,,,Needs individual verification,,,,,,,,,,,,,Shopping Interest
277,Handicraft Stores,chennai_handicraft_stores_100_plus(1).csv,81.0,Cane & Bamboo Crafts Chennai,Egmore,Cane & Bamboo Store,"Cane, bamboo furniture, baskets",Central Chennai,,,,,Needs individual verification,,,,,,,,,,,,,Shopping Interest
278,Handicraft Stores,chennai_handicraft_stores_100_plus(1).csv,82.0,Bamboo House Chennai,Egmore,Bamboo Craft Store,"Bamboo products, décor",Central Chennai,,,,,Needs individual verification,,,,,,,,,,,,,Shopping Interest
279,Handicraft Stores,chennai_handicraft_stores_100_plus(1).csv,83.0,Cane Craft Centre Chennai,Egmore,Cane Craft Store,"Cane furniture, baskets",Central Chennai,,,,,Needs individual verification,,,,,,,,,,,,,Shopping Interest
280,Handicraft Stores,chennai_handicraft_stores_100_plus(1).csv,84.0,Bamboo Handicrafts Chennai,Egmore,Bamboo Craft Store,Bamboo crafts,Central Chennai,,,,,Needs individual verification,,,,,,,,,,,,,Shopping Interest
281,Handicraft Stores,chennai_handicraft_stores_100_plus(1).csv,85.0,Palm Leaf Crafts Chennai,Egmore,Natural Fibre Craft Store,"Palm leaf baskets, décor",Central Chennai,,,,,Needs individual verification,,,,,,,,,,,,,Shopping Interest
282,Handicraft Stores,chennai_handicraft_stores_100_plus(1).csv,86.0,Coir Crafts Chennai,Egmore,Natural Fibre Craft Store,"Coir products, mats, baskets",Central Chennai,,,,,Needs individual verification,,,,,,,,,,,,,Shopping Interest
283,Handicraft Stores,chennai_handicraft_stores_100_plus(1).csv,87.0,Jute Crafts Chennai,Egmore,Natural Fibre Craft Store,"Jute bags, décor",Central Chennai,,,,,Needs individual verification,,,,,,,,,,,,,Shopping Interest
284,Handicraft Stores,chennai_handicraft_stores_100_plus(1).csv,88.0,Terracotta House Chennai,Egmore,Terracotta Craft Store,Terracotta décor,Central Chennai,,,,,Needs individual verification,,,,,,,,,,,,,Shopping Interest
285,Handicraft Stores,chennai_handicraft_stores_100_plus(1).csv,89.0,Clay Craft House Chennai,Egmore,Clay Craft Store,"Clay dolls, décor",Central Chennai,,,,,Needs individual verification,,,,,,,,,,,,,Shopping Interest
286,Handicraft Stores,chennai_handicraft_stores_100_plus(1).csv,90.0,Pottery House Chennai,Egmore,Pottery Store,"Pottery, ceramics",Central Chennai,,,,,Needs individual verification,,,,,,,,,,,,,Shopping Interest
287,Handicraft Stores,chennai_handicraft_stores_100_plus(1).csv,91.0,Ceramic Craft House Chennai,Egmore,Ceramic Store,"Ceramics, handmade décor",Central Chennai,,,,,Needs individual verification,,,,,,,,,,,,,Shopping Interest
288,Handicraft Stores,chennai_handicraft_stores_100_plus(1).csv,92.0,Wooden Toys Chennai,Egmore,Woodcraft Store,"Wooden toys, traditional toys",Central Chennai,,,,,Needs individual verification,,,,,,,,,,,,,Shopping Interest
289,Handicraft Stores,chennai_handicraft_stores_100_plus(1).csv,93.0,Traditional Toy House Chennai,Egmore,Toy & Craft Store,Wooden and clay toys,Central Chennai,,,,,Needs individual verification,,,,,,,,,,,,,Shopping Interest
290,Handicraft Stores,chennai_handicraft_stores_100_plus(1).csv,94.0,Handmade Toy Centre Chennai,Egmore,Craft Store,Traditional toys,Central Chennai,,,,,Needs individual verification,,,,,,,,,,,,,Shopping Interest
291,Handicraft Stores,chennai_handicraft_stores_100_plus(1).csv,95.0,Kondapalli & Indian Toys Chennai,Egmore,Toy & Craft Store,"Wooden toys, dolls",Central Chennai,,,,,Needs individual verification,,,,,,,,,,,,,Shopping Interest
292,Handicraft Stores,chennai_handicraft_stores_100_plus(1).csv,96.0,Craft Gift House Chennai,Egmore,Gift & Craft Store,Handmade gifts,Central Chennai,,,,,Needs individual verification,,,,,,,,,,,,,Shopping Interest
293,Handicraft Stores,chennai_handicraft_stores_100_plus(1).csv,97.0,Artisan Gift House Chennai,Egmore,Gift & Craft Store,"Handmade gifts, décor",Central Chennai,,,,,Needs individual verification,,,,,,,,,,,,,Shopping Interest
294,Handicraft Stores,chennai_handicraft_stores_100_plus(1).csv,98.0,Indian Souvenir Crafts Chennai,Egmore,Souvenir & Craft Store,"Souvenirs, handicrafts",Central Chennai,,,,,Needs individual verification,,,,,,,,,,,,,Shopping Interest
295,Handicraft Stores,chennai_handicraft_stores_100_plus(1).csv,99.0,Heritage Souvenir Shop Chennai,Egmore,Souvenir & Craft Store,"Indian crafts, souvenirs",Central Chennai,,,,,Needs individual verification,,,,,,,,,,,,,Shopping Interest
296,Handicraft Stores,chennai_handicraft_stores_100_plus(1).csv,100.0,Culture Craft Shop Chennai,Egmore,Craft Store,Cultural crafts,Central Chennai,,,,,Needs individual verification,,,,,,,,,,,,,Shopping Interest
297,Handicraft Stores,chennai_handicraft_stores_100_plus(1).csv,101.0,Traditional India Craft Shop Chennai,Egmore,Craft Store,Traditional crafts,Central Chennai,,,,,Needs individual verification,,,,,,,,,,,,,Shopping Interest
298,Handicraft Stores,chennai_handicraft_stores_100_plus(1).csv,102.0,Handmade Decor Chennai,Egmore,Home Décor Craft Store,Handmade home décor,Central Chennai,,,,,Needs individual verification,,,,,,,,,,,,,Shopping Interest
299,Handicraft Stores,chennai_handicraft_stores_100_plus(1).csv,103.0,Craft Décor Studio Chennai,Egmore,Home Décor Craft Store,Craft décor,Central Chennai,,,,,Needs individual verification,,,,,,,,,,,,,Shopping Interest
300,Handicraft Stores,chennai_handicraft_stores_100_plus(1).csv,104.0,Artisan Home Décor Chennai,Egmore,Home Décor Craft Store,Handmade décor,Central Chennai,,,,,Needs individual verification,,,,,,,,,,,,,Shopping Interest
301,Handicraft Stores,chennai_handicraft_stores_100_plus(1).csv,105.0,Handmade Jewellery Crafts Chennai,Egmore,Craft Jewellery Store,Handmade jewellery,Central Chennai,,,,,Needs individual verification,,,,,,,,,,,,,Shopping Interest
302,Handicraft Stores,chennai_handicraft_stores_100_plus(1).csv,106.0,Terracotta Jewellery Chennai,Egmore,Craft Jewellery Store,Terracotta jewellery,Central Chennai,,,,,Needs individual verification,,,,,,,,,,,,,Shopping Interest
303,Handicraft Stores,chennai_handicraft_stores_100_plus(1).csv,107.0,Bead Craft House Chennai,Egmore,Craft Jewellery Store,Bead jewellery,Central Chennai,,,,,Needs individual verification,,,,,,,,,,,,,Shopping Interest
304,Handicraft Stores,chennai_handicraft_stores_100_plus(1).csv,108.0,Brass Jewellery Craft Chennai,Egmore,Craft Jewellery Store,Brass and handmade jewellery,Central Chennai,,,,,Needs individual verification,,,,,,,,,,,,,Shopping Interest
305,Handicraft Stores,chennai_handicraft_stores_100_plus(1).csv,109.0,Dastkari Haat Crafts Bazaar - Chennai,Taramani,Craft Bazaar/Event,"Handmade crafts, textiles, artisan products",South Chennai,,,,,Needs individual verification,,,,,,,,,,,,,Shopping Interest
306,Handicraft Stores,chennai_handicraft_stores_100_plus(1).csv,110.0,Dilli Haat-style Craft Exhibitions Chennai,Taramani,Craft Bazaar/Event,"Indian handicrafts, artisan goods",South Chennai,,,,,Needs individual verification,,,,,,,,,,,,,Shopping Interest
307,Handicraft Stores,chennai_handicraft_stores_100_plus(1).csv,111.0,Chennai Craft Mela,Nandanam,Craft Fair/Event,"Handmade crafts, décor, textiles",Central/South Chennai,,,,,Needs individual verification,,,,,,,,,,,,,Shopping Interest
308,Handicraft Stores,chennai_handicraft_stores_100_plus(1).csv,112.0,Chennai Handicrafts Expo,Nandanam,Craft Fair/Event,"Handicrafts, artisan products",Central/South Chennai,,,,,Needs individual verification,,,,,,,,,,,,,Shopping Interest
309,Handicraft Stores,chennai_handicraft_stores_100_plus(1).csv,113.0,Koyambedu Craft Bazaar - Kaivannam Sathukkam,Koyambedu,Craft Bazaar/Project,"Artisan crafts, exhibitions, souvenirs",West Chennai,,,,,Needs individual verification,,,,,,,,,,,,,Shopping Interest
310,Handicraft Stores,chennai_handicraft_stores_100_plus(1).csv,114.0,Poompuhar Craft Expo Chennai,Chennai,Craft Fair/Event,Tamil Nadu handicrafts,Chennai,,,,,Needs individual verification,,,,,,,,,,,,,Shopping Interest
311,Handicraft Stores,chennai_handicraft_stores_100_plus(1).csv,115.0,Dastkari Craft Exhibition Chennai,Chennai,Craft Fair/Event,Indian artisan crafts,Chennai,,,,,Needs individual verification,,,,,,,,,,,,,Shopping Interest
312,Handicraft Stores,chennai_handicraft_stores_100_plus(1).csv,116.0,Kala Ghoda-style Craft Pop-up Chennai,Chennai,Craft Pop-up,"Handmade art, crafts",Chennai,,,,,Needs individual verification,,,,,,,,,,,,,Shopping Interest
313,Handicraft Stores,chennai_handicraft_stores_100_plus(1).csv,117.0,Weekend Artisan Market Chennai,Chennai,Craft Market/Event,"Handmade products, décor",Chennai,,,,,Needs individual verification,,,,,,,,,,,,,Shopping Interest
314,Handicraft Stores,chennai_handicraft_stores_100_plus(1).csv,118.0,Handmade Sunday Market Chennai,Chennai,Craft Market/Event,"Handmade goods, art, gifts",Chennai,,,,,Needs individual verification,,,,,,,,,,,,,Shopping Interest
315,Handicraft Stores,chennai_handicraft_stores_100_plus(1).csv,119.0,Chennai Artisan Pop-up Market,Chennai,Craft Market/Event,"Artisan goods, handmade products",Chennai,,,,,Needs individual verification,,,,,,,,,,,,,Shopping Interest
316,Handicraft Stores,chennai_handicraft_stores_100_plus(1).csv,120.0,ECR Artisan Craft Market,ECR,Craft Market/Event,"Handmade décor, crafts",South Chennai,,,,,Needs individual verification,,,,,,,,,,,,,Shopping Interest
317,Handicraft Stores,chennai_handicraft_stores_100_plus(1).csv,121.0,Besant Nagar Artisan Market,Besant Nagar,Craft Market/Event,"Handmade gifts, accessories, décor",South Chennai,,,,,Needs individual verification,,,,,,,,,,,,,Shopping Interest
318,Handicraft Stores,chennai_handicraft_stores_100_plus(1).csv,122.0,Adyar Artisan Market,Adyar,Craft Market/Event,"Handmade crafts, textiles",South Chennai,,,,,Needs individual verification,,,,,,,,,,,,,Shopping Interest
319,Handicraft Stores,chennai_handicraft_stores_100_plus(1).csv,123.0,Mylapore Artisan Market,Mylapore,Craft Market/Event,"Traditional crafts, dolls, décor",Central Chennai,,,,,Needs individual verification,,,,,,,,,,,,,Shopping Interest
320,Handicraft Stores,chennai_handicraft_stores_100_plus(1).csv,124.0,T. Nagar Artisan Pop-up,T. Nagar,Craft Market/Event,"Handmade gifts, crafts",South/Central Chennai,,,,,Needs individual verification,,,,,,,,,,,,,Shopping Interest
321,Handicraft Stores,chennai_handicraft_stores_100_plus(1).csv,125.0,Anna Nagar Craft Exhibition,Anna Nagar,Craft Market/Event,"Handicrafts, décor, gifts",West Chennai,,,,,Needs individual verification,,,,,,,,,,,,,Shopping Interest
322,Handicraft Stores,chennai_handicraft_stores_100_plus(1).csv,126.0,Velachery Craft Exhibition,Velachery,Craft Market/Event,"Handmade crafts, gifts",South Chennai,,,,,Needs individual verification,,,,,,,,,,,,,Shopping Interest
323,Handicraft Stores,chennai_handicraft_stores_100_plus(1).csv,127.0,Tambaram Craft Exhibition,Tambaram,Craft Market/Event,"Handmade crafts, décor",Chennai Metropolitan Area,,,,,Needs individual verification,,,,,,,,,,,,,Shopping Interest
324,Handicraft Stores,chennai_handicraft_stores_100_plus(1).csv,128.0,Chennai Christmas Craft Market,Chennai,Seasonal Craft Market,"Eco décor, handmade gifts",Chennai,,,,,Needs individual verification,,,,,,,,,,,,,Shopping Interest
325,Handicraft Stores,chennai_handicraft_stores_100_plus(1).csv,129.0,Chennai Diwali Craft Bazaar,Chennai,Seasonal Craft Market,"Diyas, décor, handmade gifts",Chennai,,,,,Needs individual verification,,,,,,,,,,,,,Shopping Interest
326,Handicraft Stores,chennai_handicraft_stores_100_plus(1).csv,130.0,Chennai Pongal Craft Bazaar,Chennai,Seasonal Craft Market,"Clay dolls, décor, traditional crafts",Chennai,,,,,Needs individual verification,,,,,,,,,,,,,Shopping Interest
327,Textiles & Silk Stores,textiles and silk stores.csv,1.0,Sundari Silks,T. Nagar,Silk Sarees,,South/Central Chennai,"36, N Usman Rd, T. Nagar, Chennai 600017",918680877999.0,4.5,5777.0,,"Kanchipuram silk, wedding sarees",Directory candidate - verify before production use,,,,,,,,,,,Shopping Interest
328,Textiles & Silk Stores,textiles and silk stores.csv,2.0,POTHYS TRADITIONAL,T. Nagar,Textile & Silk Showroom,,South/Central Chennai,"15, Nageswaran Rao Rd, T. Nagar, Chennai 600017",918069680292.0,4.4,32482.0,,"Silk sarees, textiles, traditional wear",Directory candidate - verify before production use,,,,,,,,,,,Shopping Interest
329,Textiles & Silk Stores,textiles and silk stores.csv,3.0,RmKV Wedding Silks,T. Nagar,Silk Sarees,,South/Central Chennai,"125-127, N Usman Rd, Panagal Park, T. Nagar, Chennai 600017",914428144445.0,4.2,3495.0,,"Kanchipuram silk, bridal sarees",Directory candidate - verify before production use,,,,,,,,,,,Shopping Interest
330,Textiles & Silk Stores,textiles and silk stores.csv,4.0,Nalli Silk Sarees - T. Nagar,T. Nagar,Silk Sarees,,South/Central Chennai,"100, N Usman Rd, T. Nagar, Chennai 600017",918095639911.0,4.3,5136.0,,"Kanchipuram silk, traditional sarees",Directory candidate - verify before production use,,,,,,,,,,,Shopping Interest
331,Textiles & Silk Stores,textiles and silk stores.csv,5.0,Nalli Silk Sarees - Anna Nagar,Anna Nagar,Silk Sarees,,West Chennai,,,,,,"Silk sarees, textiles",Directory candidate - verify before production use,,,,,,,,,,,Shopping Interest
332,Textiles & Silk Stores,textiles and silk stores.csv,6.0,Nalli Silk Sarees - Adyar,Adyar,Silk Sarees,,South Chennai,,,,,,"Silk sarees, textiles",Directory candidate - verify before production use,,,,,,,,,,,Shopping Interest
333,Textiles & Silk Stores,textiles and silk stores.csv,7.0,Nalli Silk Sarees - Mylapore,Mylapore,Silk Sarees,,Central Chennai,,,,,,"Silk sarees, textiles",Directory candidate - verify before production use,,,,,,,,,,,Shopping Interest
334,Textiles & Silk Stores,textiles and silk stores.csv,8.0,Nalli Silk Sarees - Velachery,Velachery,Silk Sarees,,South Chennai,,,,,,"Silk sarees, textiles",Directory candidate - verify before production use,,,,,,,,,,,Shopping Interest
335,Textiles & Silk Stores,textiles and silk stores.csv,9.0,Nalli Silk Sarees - Chromepet,Chromepet,Silk Sarees,,Chennai Metropolitan Area,,,,,,"Silk sarees, textiles",Directory candidate - verify before production use,,,,,,,,,,,Shopping Interest
336,Textiles & Silk Stores,textiles and silk stores.csv,10.0,Sri Palam Silk Sarees,T. Nagar,Silk Sarees,,South/Central Chennai,,,,,,Traditional silk sarees,Directory candidate - verify before production use,,,,,,,,,,,Shopping Interest
337,Textiles & Silk Stores,textiles and silk stores.csv,11.0,Sri Aishwarya Sarees,T. Nagar,Silk Sarees,,South/Central Chennai,,,,,,Silk sarees,Directory candidate - verify before production use,,,,,,,,,,,Shopping Interest
338,Textiles & Silk Stores,textiles and silk stores.csv,12.0,Palam Silks,T. Nagar,Silk Sarees,,South/Central Chennai,,,,,,"Kanchipuram silk, traditional sarees",Directory candidate - verify before production use,,,,,,,,,,,Shopping Interest
339,Textiles & Silk Stores,textiles and silk stores.csv,13.0,Pachaiyappas Silks,T. Nagar,Silk Sarees,,South/Central Chennai,,,,,,"Kanchipuram, Banaras, cotton silk",Directory candidate - verify before production use,,,,,,,,,,,Shopping Interest
340,Textiles & Silk Stores,textiles and silk stores.csv,14.0,Shreenivas Silks and Sarees,T. Nagar,Silk Sarees,,South/Central Chennai,"153 GN Chetty Road, T. Nagar, Chennai 600017",9043389840.0,,,,"Kanchipuram silk, handloom",Directory candidate - verify before production use,,,,,,,,,,,Shopping Interest
341,Textiles & Silk Stores,textiles and silk stores.csv,15.0,Shrus Eternity,T. Nagar,Silk Sarees,,South/Central Chennai,,,,,,"Kanchipuram silk, traditional sarees",Directory candidate - verify before production use,,,,,,,,,,,Shopping Interest
342,Textiles & Silk Stores,textiles and silk stores.csv,16.0,Kumaran Silks,T. Nagar,Silk Sarees,,South/Central Chennai,,,,,,"Silk sarees, traditional textiles",Directory candidate - verify before production use,,,,,,,,,,,Shopping Interest
343,Textiles & Silk Stores,textiles and silk stores.csv,17.0,Kanchipuram Varamahalakshmi Silks,T. Nagar,Silk Sarees,,South/Central Chennai,,,,,,Kanchipuram silk,Directory candidate - verify before production use,,,,,,,,,,,Shopping Interest
344,Textiles & Silk Stores,textiles and silk stores.csv,18.0,Tulsi Silks,T. Nagar,Silk Sarees,,South/Central Chennai,,,,,,"Silk sarees, handloom",Directory candidate - verify before production use,,,,,,,,,,,Shopping Interest
345,Textiles & Silk Stores,textiles and silk stores.csv,19.0,Cleo Silks,T. Nagar,Silk Sarees,,South/Central Chennai,,,,,,Silk sarees,Directory candidate - verify before production use,,,,,,,,,,,Shopping Interest
346,Textiles & Silk Stores,textiles and silk stores.csv,20.0,Snehalaya Silks,T. Nagar,Silk Sarees,,South/Central Chennai,,,,,,"Silk sarees, traditional textiles",Directory candidate - verify before production use,,,,,,,,,,,Shopping Interest
347,Textiles & Silk Stores,textiles and silk stores.csv,21.0,Sri Lakshmi Silks,T. Nagar,Silk Sarees,,South/Central Chennai,,,,,,Silk sarees,Directory candidate - verify before production use,,,,,,,,,,,Shopping Interest
348,Textiles & Silk Stores,textiles and silk stores.csv,22.0,Sri Venkateswara Silks,T. Nagar,Silk Sarees,,South/Central Chennai,,,,,,"Silk sarees, traditional wear",Directory candidate - verify before production use,,,,,,,,,,,Shopping Interest
349,Textiles & Silk Stores,textiles and silk stores.csv,23.0,Kanchipuram Lakshaya Silks,T. Nagar,Silk Sarees,,South/Central Chennai,,,,,,Kanchipuram silk,Directory candidate - verify before production use,,,,,,,,,,,Shopping Interest
350,Textiles & Silk Stores,textiles and silk stores.csv,24.0,Sree Kumaran Thanga Maligai & Silks,T. Nagar,Silk & Textile,,South/Central Chennai,,,,,,"Silk sarees, textiles",Directory candidate - verify before production use,,,,,,,,,,,Shopping Interest
351,Textiles & Silk Stores,textiles and silk stores.csv,25.0,Saravana Selvarathnam Textiles,T. Nagar,Textile Store,,South/Central Chennai,,,,,,"Sarees, dress materials, textiles",Directory candidate - verify before production use,,,,,,,,,,,Shopping Interest
352,Textiles & Silk Stores,textiles and silk stores.csv,26.0,Saravana Stores - Chromepet,Chromepet,Textile Store,,Chennai Metropolitan Area,,,,,,"Sarees, textiles, apparel",Directory candidate - verify before production use,,,,,,,,,,,Shopping Interest
353,Textiles & Silk Stores,textiles and silk stores.csv,27.0,Saravana Stores - Padi,Padi,Textile Store,,West Chennai,,,,,,"Sarees, textiles, apparel",Directory candidate - verify before production use,,,,,,,,,,,Shopping Interest
354,Textiles & Silk Stores,textiles and silk stores.csv,28.0,The Chennai Silks - T. Nagar,T. Nagar,Textile & Silk Showroom,,South/Central Chennai,,,,,,"Silk sarees, textiles, apparel",Directory candidate - verify before production use,,,,,,,,,,,Shopping Interest
355,Textiles & Silk Stores,textiles and silk stores.csv,29.0,The Chennai Silks - Velachery,Velachery,Textile & Silk Showroom,,South Chennai,,,,,,"Silk sarees, textiles, apparel",Directory candidate - verify before production use,,,,,,,,,,,Shopping Interest
356,Textiles & Silk Stores,textiles and silk stores.csv,30.0,The Chennai Silks - Chromepet,Chromepet,Textile & Silk Showroom,,Chennai Metropolitan Area,,,,,,"Silk sarees, textiles, apparel",Directory candidate - verify before production use,,,,,,,,,,,Shopping Interest
357,Textiles & Silk Stores,textiles and silk stores.csv,31.0,The Chennai Silks - Anna Nagar,Anna Nagar,Textile & Silk Showroom,,West Chennai,,,,,,"Silk sarees, textiles, apparel",Directory candidate - verify before production use,,,,,,,,,,,Shopping Interest
358,Textiles & Silk Stores,textiles and silk stores.csv,32.0,Kalanikethan,T. Nagar,Textile Store,,South/Central Chennai,,,,,,"Sarees, silk, ethnic wear",Directory candidate - verify before production use,,,,,,,,,,,Shopping Interest
359,Textiles & Silk Stores,textiles and silk stores.csv,33.0,Kalanikethan - Anna Nagar,Anna Nagar,Textile Store,,West Chennai,,,,,,"Sarees, silk, ethnic wear",Directory candidate - verify before production use,,,,,,,,,,,Shopping Interest
360,Textiles & Silk Stores,textiles and silk stores.csv,34.0,Kalanikethan - Velachery,Velachery,Textile Store,,South Chennai,,,,,,"Sarees, silk, ethnic wear",Directory candidate - verify before production use,,,,,,,,,,,Shopping Interest
361,Textiles & Silk Stores,textiles and silk stores.csv,35.0,Kalanikethan - Chromepet,Chromepet,Textile Store,,Chennai Metropolitan Area,,,,,,"Sarees, silk, ethnic wear",Directory candidate - verify before production use,,,,,,,,,,,Shopping Interest
362,Textiles & Silk Stores,textiles and silk stores.csv,36.0,Hayagrivas Silk House - Adyar,Adyar,Silk Sarees,,South Chennai,,,,,,"Premium silk, bridal sarees",Directory candidate - verify before production use,,,,,,,,,,,Shopping Interest
363,Textiles & Silk Stores,textiles and silk stores.csv,37.0,Hayagrivas Silk House - T. Nagar,T. Nagar,Silk Sarees,,South/Central Chennai,,,,,,"Premium silk, bridal sarees",Directory candidate - verify before production use,,,,,,,,,,,Shopping Interest
364,Textiles & Silk Stores,textiles and silk stores.csv,38.0,Kanakavalli,Alwarpet,Silk & Handloom Boutique,,Central/South Chennai,,,,,,"Handloom sarees, silk",Directory candidate - verify before production use,,,,,,,,,,,Shopping Interest
365,Textiles & Silk Stores,textiles and silk stores.csv,39.0,Co-optex - Egmore,Egmore,Government Handloom Store,,Central Chennai,,,,,,"Handloom sarees, silk, cotton",Directory candidate - verify before production use,,,,,,,,,,,Shopping Interest
366,Textiles & Silk Stores,textiles and silk stores.csv,40.0,Co-optex - T. Nagar,T. Nagar,Government Handloom Store,,South/Central Chennai,,,,,,"Handloom sarees, silk, cotton",Directory candidate - verify before production use,,,,,,,,,,,Shopping Interest
367,Textiles & Silk Stores,textiles and silk stores.csv,41.0,Co-optex - Mylapore,Mylapore,Government Handloom Store,,Central Chennai,,,,,,"Handloom sarees, silk, cotton",Directory candidate - verify before production use,,,,,,,,,,,Shopping Interest
368,Textiles & Silk Stores,textiles and silk stores.csv,42.0,Co-optex - Anna Nagar,Anna Nagar,Government Handloom Store,,West Chennai,,,,,,"Handloom sarees, silk, cotton",Directory candidate - verify before production use,,,,,,,,,,,Shopping Interest
369,Textiles & Silk Stores,textiles and silk stores.csv,43.0,The Vadasery Handloom Weavers Store,Mylapore,Handloom Store,,Central Chennai,"25, Ramakrishna Mutt Rd, Mylapore, Chennai 600004",914424641746.0,4.5,227.0,,"Handloom textiles, sarees",Directory candidate - verify before production use,,,,,,,,,,,Shopping Interest
370,Textiles & Silk Stores,textiles and silk stores.csv,44.0,Buvanagiri Handlooms,Anna Nagar,Handloom Store,,West Chennai,"1193, 12th Main Rd, Anna Nagar West, Chennai 600040",919994452190.0,4.6,233.0,,"Handloom sarees, textiles",Directory candidate - verify before production use,,,,,,,,,,,Shopping Interest
371,Textiles & Silk Stores,textiles and silk stores.csv,45.0,Sri Baba Handlooms,T. Nagar,Handloom Store,,South/Central Chennai,,,,,,"Handloom textiles, sarees",Directory candidate - verify before production use,,,,,,,,,,,Shopping Interest
372,Textiles & Silk Stores,textiles and silk stores.csv,46.0,Haryana Handloom,Velachery,Handloom Store,,South Chennai,"93, 3rd Main Rd, Velachery, Chennai 600042",919840256573.0,4.8,88.0,,Handloom and home textiles,Directory candidate - verify before production use,,,,,,,,,,,Shopping Interest
373,Textiles & Silk Stores,textiles and silk stores.csv,47.0,Punjab Handloom World,Kodambakkam,Handloom/Textile Store,,West Chennai,"324, Arcot Rd, Kodambakkam, Chennai 600024",918925535074.0,3.8,487.0,,"Home textiles, curtains, fabrics",Directory candidate - verify before production use,,,,,,,,,,,Shopping Interest
374,Textiles & Silk Stores,textiles and silk stores.csv,48.0,Handloom House,Chromepet,Handloom Store,,Chennai Metropolitan Area,,,,,,Handloom textiles,Directory candidate - verify before production use,,,,,,,,,,,Shopping Interest
375,Textiles & Silk Stores,textiles and silk stores.csv,49.0,Silk House,Mylapore,Textile Dealer,,Central Chennai,,,,,,Silk and blouse materials,Directory candidate - verify before production use,,,,,,,,,,,Shopping Interest
376,Textiles & Silk Stores,textiles and silk stores.csv,50.0,Beekay Silk Sarees,Parrys,Silk Sarees,,Central/North Chennai,,,,,,Silk sarees,Directory candidate - verify before production use,,,,,,,,,,,Shopping Interest
377,Textiles & Silk Stores,textiles and silk stores.csv,51.0,Siva Silks,Parrys,Silk Sarees,,Central/North Chennai,,,,,,"Sarees, silk textiles",Directory candidate - verify before production use,,,,,,,,,,,Shopping Interest
378,Textiles & Silk Stores,textiles and silk stores.csv,52.0,Kamal Kishore,Parrys,Textile Dealer,,Central/North Chennai,,,,,,"Dhotis, blouse materials",Directory candidate - verify before production use,,,,,,,,,,,Shopping Interest
379,Textiles & Silk Stores,textiles and silk stores.csv,53.0,H Mani Sunker Davay & Son,Park Town,Textile Dealer,,Central Chennai,,,,,,"Silk dhotis, textiles",Directory candidate - verify before production use,,,,,,,,,,,Shopping Interest
380,Textiles & Silk Stores,textiles and silk stores.csv,54.0,The Raymond Shop - Park Town,Park Town,Textile Store,,Central Chennai,,,,,,"Shirtings, suitings",Directory candidate - verify before production use,,,,,,,,,,,Shopping Interest
381,Textiles & Silk Stores,textiles and silk stores.csv,55.0,T.Mangharam - The Fabric People,Park Town,Fabric Store,,Central Chennai,"49, Rattan Bazaar Rd, Park Town, Chennai 600003",914425355722.0,4.2,3268.0,,"Dress fabrics, shirtings, suitings",Directory candidate - verify before production use,,,,,,,,,,,Shopping Interest
382,Textiles & Silk Stores,textiles and silk stores.csv,56.0,Madras Textiles,Sowcarpet,Fabric Store,,Central/North Chennai,"162, Mint St, Sowcarpet, Chennai 600001",919551102968.0,4.8,343.0,,"Fabrics, textiles, dress materials",Directory candidate - verify before production use,,,,,,,,,,,Shopping Interest
383,Textiles & Silk Stores,textiles and silk stores.csv,57.0,Fabloe Fabrics,T. Nagar,Fabric Store,,South/Central Chennai,"1 A Rama Street, Off Bazullah Rd, Chennai 600017",919677290503.0,4.0,644.0,,"Designer fabrics, dress materials",Directory candidate - verify before production use,,,,,,,,,,,Shopping Interest
384,Textiles & Silk Stores,textiles and silk stores.csv,58.0,RIDH - The Fabric Studio,Egmore,Fabric Store,,Central Chennai,"3 & 4, Red Cross Rd, Egmore, Chennai 600008",916381722597.0,4.6,442.0,,"Designer fabrics, textiles",Directory candidate - verify before production use,,,,,,,,,,,Shopping Interest
385,Textiles & Silk Stores,textiles and silk stores.csv,59.0,Textile India,Purasawalkam,Textile Store,,Central Chennai,"9/17, Vellala St, Purasawalkam, Chennai 600084",,4.7,1997.0,,"Textiles, sarees, clothing",Directory candidate - verify before production use,,,,,,,,,,,Shopping Interest
386,Textiles & Silk Stores,textiles and silk stores.csv,60.0,Roop Rang Textiles,T. Nagar,Textile Dealer,,South/Central Chennai,,,,,,"Shirtings, suitings",Directory candidate - verify before production use,,,,,,,,,,,Shopping Interest
387,Textiles & Silk Stores,textiles and silk stores.csv,61.0,Sujaas,Velachery,Textile Dealer,,South Chennai,,,,,,Textiles,Directory candidate - verify before production use,,,,,,,,,,,Shopping Interest
388,Textiles & Silk Stores,textiles and silk stores.csv,62.0,Aharya,Thiruvanmiyur,Textile Dealer,,South Chennai,,,,,,"Dress materials, salwar fabrics",Directory candidate - verify before production use,,,,,,,,,,,Shopping Interest
389,Textiles & Silk Stores,textiles and silk stores.csv,63.0,Variety Silk House,Avadi,Silk/Textile Store,,Chennai Metropolitan Area,,,,,,"Synthetic silk, sarees",Directory candidate - verify before production use,,,,,,,,,,,Shopping Interest
390,Textiles & Silk Stores,textiles and silk stores.csv,64.0,Sri Ram Lok & Co - T. Nagar,T. Nagar,Textile Store,,South/Central Chennai,,,,,,"Printed sarees, cotton and silk dress materials",Directory candidate - verify before production use,,,,,,,,,,,Shopping Interest
391,Textiles & Silk Stores,textiles and silk stores.csv,65.0,Sri Ram Lok & Co - Mylapore,Mylapore,Textile Store,,Central Chennai,,,,,,"Printed sarees, cotton and silk dress materials",Directory candidate - verify before production use,,,,,,,,,,,Shopping Interest
392,Textiles & Silk Stores,textiles and silk stores.csv,66.0,Kanchipuram Thiruvallur Co-op Society,T. Nagar,Handloom Society Store,,South/Central Chennai,,,,,,GI-tagged silk sarees,Directory candidate - verify before production use,,,,,,,,,,,Shopping Interest
393,Textiles & Silk Stores,textiles and silk stores.csv,67.0,Kancheepuram Handloom Weavers Cooperative,T. Nagar,Handloom Society Store,,South/Central Chennai,,,,,,"Kanchipuram silk, handloom",Directory candidate - verify before production use,,,,,,,,,,,Shopping Interest
394,Textiles & Silk Stores,textiles and silk stores.csv,68.0,Tamil Nadu Handloom Weavers' Cooperative Society,Chennai,Handloom Store,,Chennai,,,,,,Handloom and silk textiles,Directory candidate - verify before production use,,,,,,,,,,,Shopping Interest
395,Textiles & Silk Stores,textiles and silk stores.csv,69.0,Kanchipuram Murugan Silks - Chennai,T. Nagar,Silk Sarees,,South/Central Chennai,,,,,,Kanchipuram silk,Directory candidate - verify before production use,,,,,,,,,,,Shopping Interest
396,Textiles & Silk Stores,textiles and silk stores.csv,70.0,Kanchipuram Sri Seethalakshmi Silks - Chennai,T. Nagar,Silk Sarees,,South/Central Chennai,,,,,,Kanchipuram silk,Directory candidate - verify before production use,,,,,,,,,,,Shopping Interest
397,Textiles & Silk Stores,textiles and silk stores.csv,71.0,Kanchipuram Prakash Silks - Chennai,T. Nagar,Silk Sarees,,South/Central Chennai,,,,,,Kanchipuram silk,Directory candidate - verify before production use,,,,,,,,,,,Shopping Interest
398,Textiles & Silk Stores,textiles and silk stores.csv,72.0,Kanchipuram Sri Kumaran Silks - Chennai,T. Nagar,Silk Sarees,,South/Central Chennai,,,,,,Kanchipuram silk,Directory candidate - verify before production use,,,,,,,,,,,Shopping Interest
399,Textiles & Silk Stores,textiles and silk stores.csv,73.0,Mysore Silk Udyog - Chennai,T. Nagar,Silk Sarees,,South/Central Chennai,,,,,,"Mysore silk, silk sarees",Directory candidate - verify before production use,,,,,,,,,,,Shopping Interest
400,Textiles & Silk Stores,textiles and silk stores.csv,74.0,Karnataka Silk Industries Corporation - Chennai,T. Nagar,Silk Store,,South/Central Chennai,,,,,,Mysore silk sarees,Directory candidate - verify before production use,,,,,,,,,,,Shopping Interest
401,Textiles & Silk Stores,textiles and silk stores.csv,75.0,Kancheepuram Varamahalakshmi Silks - Adyar,Adyar,Silk Sarees,,South Chennai,,,,,,Kanchipuram silk,Directory candidate - verify before production use,,,,,,,,,,,Shopping Interest
402,Textiles & Silk Stores,textiles and silk stores.csv,76.0,Kancheepuram Varamahalakshmi Silks - Anna Nagar,Anna Nagar,Silk Sarees,,West Chennai,,,,,,Kanchipuram silk,Directory candidate - verify before production use,,,,,,,,,,,Shopping Interest
403,Textiles & Silk Stores,textiles and silk stores.csv,77.0,Sundari Silks - Adyar,Adyar,Silk Sarees,,South Chennai,,,,,,"Kanjivaram, wedding silk sarees",Directory candidate - verify before production use,,,,,,,,,,,Shopping Interest
404,Textiles & Silk Stores,textiles and silk stores.csv,78.0,RMKV Silks - Anna Nagar,Anna Nagar,Silk Sarees,,West Chennai,,,,,,"Silk sarees, bridal sarees",Directory candidate - verify before production use,,,,,,,,,,,Shopping Interest
405,Textiles & Silk Stores,textiles and silk stores.csv,79.0,RMKV Silks - Velachery,Velachery,Silk Sarees,,South Chennai,,,,,,"Silk sarees, bridal sarees",Directory candidate - verify before production use,,,,,,,,,,,Shopping Interest
406,Textiles & Silk Stores,textiles and silk stores.csv,80.0,Pothys Silk - Anna Nagar,Anna Nagar,Silk Sarees,,West Chennai,,,,,,"Silk sarees, traditional wear",Directory candidate - verify before production use,,,,,,,,,,,Shopping Interest
407,Textiles & Silk Stores,textiles and silk stores.csv,81.0,Pothys Silk - Velachery,Velachery,Silk Sarees,,South Chennai,,,,,,"Silk sarees, traditional wear",Directory candidate - verify before production use,,,,,,,,,,,Shopping Interest
408,Textiles & Silk Stores,textiles and silk stores.csv,82.0,Pothys Silk - Chromepet,Chromepet,Silk Sarees,,Chennai Metropolitan Area,,,,,,"Silk sarees, traditional wear",Directory candidate - verify before production use,,,,,,,,,,,Shopping Interest
409,Textiles & Silk Stores,textiles and silk stores.csv,83.0,The Silk Cotton Company - T. Nagar,T. Nagar,Textile Store,,South/Central Chennai,,,,,,Silk cotton sarees,Directory candidate - verify before production use,,,,,,,,,,,Shopping Interest
410,Textiles & Silk Stores,textiles and silk stores.csv,84.0,Saree.com / Chennai Silk Collections - T. Nagar,T. Nagar,Saree Store,,South/Central Chennai,,,,,,Silk and designer sarees,Directory candidate - verify before production use,,,,,,,,,,,Shopping Interest
411,Textiles & Silk Stores,textiles and silk stores.csv,85.0,Madura Coats / Textile Retail - Chennai,Chennai,Textile Store,,Chennai,,,,,,Textile fabrics,Directory candidate - verify before production use,,,,,,,,,,,Shopping Interest
412,Textiles & Silk Stores,textiles and silk stores.csv,86.0,Fabindia - T. Nagar,T. Nagar,Textile & Ethnic Wear,,South/Central Chennai,,,,,,"Handloom, cotton, silk blends",Directory candidate - verify before production use,,,,,,,,,,,Shopping Interest
413,Textiles & Silk Stores,textiles and silk stores.csv,87.0,Fabindia - Adyar,Adyar,Textile & Ethnic Wear,,South Chennai,,,,,,"Handloom, cotton, silk blends",Directory candidate - verify before production use,,,,,,,,,,,Shopping Interest
414,Textiles & Silk Stores,textiles and silk stores.csv,88.0,Fabindia - Anna Nagar,Anna Nagar,Textile & Ethnic Wear,,West Chennai,,,,,,"Handloom, cotton, silk blends",Directory candidate - verify before production use,,,,,,,,,,,Shopping Interest
415,Textiles & Silk Stores,textiles and silk stores.csv,89.0,Fabindia - Velachery,Velachery,Textile & Ethnic Wear,,South Chennai,,,,,,"Handloom, cotton, silk blends",Directory candidate - verify before production use,,,,,,,,,,,Shopping Interest
416,Textiles & Silk Stores,textiles and silk stores.csv,90.0,Jaypore - Chennai,T. Nagar,Textile & Handloom,,South/Central Chennai,,,,,,"Handloom, silk, crafts",Directory candidate - verify before production use,,,,,,,,,,,Shopping Interest
417,Textiles & Silk Stores,textiles and silk stores.csv,91.0,Good Earth - Chennai,Alwarpet,Textile & Lifestyle,,Central/South Chennai,,,,,,"Premium textiles, home fabrics",Directory candidate - verify before production use,,,,,,,,,,,Shopping Interest
418,Textiles & Silk Stores,textiles and silk stores.csv,92.0,Anokhi - Chennai,Alwarpet,Textile Store,,Central/South Chennai,,,,,,"Block prints, cotton textiles",Directory candidate - verify before production use,,,,,,,,,,,Shopping Interest
419,Textiles & Silk Stores,textiles and silk stores.csv,93.0,Suta - Chennai,T. Nagar,Saree Store,,South/Central Chennai,,,,,,Handloom sarees,Directory candidate - verify before production use,,,,,,,,,,,Shopping Interest
420,Textiles & Silk Stores,textiles and silk stores.csv,94.0,Khatri Jamnadas - Chennai,Parrys,Textile Store,,Central/North Chennai,,,,,,"Textiles, dress materials",Directory candidate - verify before production use,,,,,,,,,,,Shopping Interest
421,Textiles & Silk Stores,textiles and silk stores.csv,95.0,Bharat Handloom House,T. Nagar,Handloom Store,,South/Central Chennai,,,,,,"Handloom sarees, cotton, silk",Directory candidate - verify before production use,,,,,,,,,,,Shopping Interest
422,Textiles & Silk Stores,textiles and silk stores.csv,96.0,Indian Handloom House,Mylapore,Handloom Store,,Central Chennai,,,,,,"Handloom sarees, fabrics",Directory candidate - verify before production use,,,,,,,,,,,Shopping Interest
423,Textiles & Silk Stores,textiles and silk stores.csv,97.0,Khadi Kraft - Chennai,Egmore,Khadi/Handloom Store,,Central Chennai,,,,,,"Khadi, cotton, handloom",Directory candidate - verify before production use,,,,,,,,,,,Shopping Interest
424,Textiles & Silk Stores,textiles and silk stores.csv,98.0,Khadi Gramodyog Bhavan - Chennai,Egmore,Khadi Store,,Central Chennai,,,,,,"Khadi, handloom textiles",Directory candidate - verify before production use,,,,,,,,,,,Shopping Interest
425,Textiles & Silk Stores,textiles and silk stores.csv,99.0,Central Cottage Industries Emporium - Chennai,Nungambakkam,Handloom/Handicraft Store,,Central Chennai,,,,,,"Silk, handloom, handicrafts",Directory candidate - verify before production use,,,,,,,,,,,Shopping Interest
426,Textiles & Silk Stores,textiles and silk stores.csv,100.0,Tamil Nadu Khadi Village Industries Board Store,Chennai,Khadi Store,,Chennai,,,,,,Khadi and village textiles,Directory candidate - verify before production use,,,,,,,,,,,Shopping Interest
427,Textiles & Silk Stores,textiles and silk stores.csv,101.0,KPS Silk Sarees,Nerkundram,Silk Sarees,,West Chennai,"149, Justice Ratnavel Pandian Road, Nerkundram, Chennai 600107",918807995600.0,5.0,1536.0,,"Kanchipuram silk, wholesale silk",Directory candidate - verify before production use,,,,,,,,,,,Shopping Interest
428,Textiles & Silk Stores,textiles and silk stores.csv,102.0,Sri Krishna Silk House - Chennai,T. Nagar,Silk Sarees,,South/Central Chennai,,,,,,Silk sarees,Directory candidate - verify before production use,,,,,,,,,,,Shopping Interest
429,Textiles & Silk Stores,textiles and silk stores.csv,103.0,Vara Lakshmi Silks - Chennai,T. Nagar,Silk Sarees,,South/Central Chennai,,,,,,Silk and bridal sarees,Directory candidate - verify before production use,,,,,,,,,,,Shopping Interest
430,Textiles & Silk Stores,textiles and silk stores.csv,104.0,Kumaramangalam Silks - Chennai,T. Nagar,Silk Sarees,,South/Central Chennai,,,,,,Silk sarees,Directory candidate - verify before production use,,,,,,,,,,,Shopping Interest
431,Textiles & Silk Stores,textiles and silk stores.csv,105.0,Sree Devi Textiles - Chennai,T. Nagar,Textile Store,,South/Central Chennai,,,,,,"Sarees, dress materials",Directory candidate - verify before production use,,,,,,,,,,,Shopping Interest
432,Textiles & Silk Stores,textiles and silk stores.csv,106.0,Apsara Silks - Chennai,T. Nagar,Silk Sarees,,South/Central Chennai,,,,,,Silk sarees,Directory candidate - verify before production use,,,,,,,,,,,Shopping Interest
433,Textiles & Silk Stores,textiles and silk stores.csv,107.0,Sakthi Silks - Chennai,T. Nagar,Silk Sarees,,South/Central Chennai,,,,,,Silk sarees,Directory candidate - verify before production use,,,,,,,,,,,Shopping Interest
434,Textiles & Silk Stores,textiles and silk stores.csv,108.0,Mahalakshmi Silks - Chennai,T. Nagar,Silk Sarees,,South/Central Chennai,,,,,,Silk sarees,Directory candidate - verify before production use,,,,,,,,,,,Shopping Interest
435,Textiles & Silk Stores,textiles and silk stores.csv,109.0,Vijayalakshmi Silks - Chennai,T. Nagar,Silk Sarees,,South/Central Chennai,,,,,,Silk sarees,Directory candidate - verify before production use,,,,,,,,,,,Shopping Interest
436,Textiles & Silk Stores,textiles and silk stores.csv,110.0,Rajalakshmi Silks - Chennai,T. Nagar,Silk Sarees,,South/Central Chennai,,,,,,Silk sarees,Directory candidate - verify before production use,,,,,,,,,,,Shopping Interest
437,Textiles & Silk Stores,textiles and silk stores.csv,111.0,Sri Venkateswara Textiles - Chennai,Purasawalkam,Textile Store,,Central Chennai,,,,,,"Sarees, textiles",Directory candidate - verify before production use,,,,,,,,,,,Shopping Interest
438,Textiles & Silk Stores,textiles and silk stores.csv,112.0,Annapoorna Textiles - Chennai,Purasawalkam,Textile Store,,Central Chennai,,,,,,"Sarees, dress materials",Directory candidate - verify before production use,,,,,,,,,,,Shopping Interest
439,Textiles & Silk Stores,textiles and silk stores.csv,113.0,Mahalakshmi Textiles - Chennai,Purasawalkam,Textile Store,,Central Chennai,,,,,,"Textiles, sarees",Directory candidate - verify before production use,,,,,,,,,,,Shopping Interest
440,Textiles & Silk Stores,textiles and silk stores.csv,114.0,Raja Textiles - Chennai,Purasawalkam,Textile Store,,Central Chennai,,,,,,"Textiles, dress materials",Directory candidate - verify before production use,,,,,,,,,,,Shopping Interest
441,Textiles & Silk Stores,textiles and silk stores.csv,115.0,Muthu Textiles - Chennai,Purasawalkam,Textile Store,,Central Chennai,,,,,,"Sarees, fabrics",Directory candidate - verify before production use,,,,,,,,,,,Shopping Interest
442,Textiles & Silk Stores,textiles and silk stores.csv,116.0,Lakshmi Textiles - Chennai,Mylapore,Textile Store,,Central Chennai,,,,,,"Sarees, dress materials",Directory candidate - verify before production use,,,,,,,,,,,Shopping Interest
443,Textiles & Silk Stores,textiles and silk stores.csv,117.0,Sri Balaji Textiles - Chennai,Mylapore,Textile Store,,Central Chennai,,,,,,"Sarees, textiles",Directory candidate - verify before production use,,,,,,,,,,,Shopping Interest
444,Textiles & Silk Stores,textiles and silk stores.csv,118.0,Aishwarya Textiles - Chennai,Adyar,Textile Store,,South Chennai,,,,,,"Sarees, dress materials",Directory candidate - verify before production use,,,,,,,,,,,Shopping Interest
445,Textiles & Silk Stores,textiles and silk stores.csv,119.0,Sri Devi Handlooms - Chennai,Adyar,Handloom Store,,South Chennai,,,,,,Handloom sarees,Directory candidate - verify before production use,,,,,,,,,,,Shopping Interest
446,Textiles & Silk Stores,textiles and silk stores.csv,120.0,Mahalakshmi Handlooms - Chennai,Adyar,Handloom Store,,South Chennai,,,,,,Handloom textiles,Directory candidate - verify before production use,,,,,,,,,,,Shopping Interest
447,Textiles & Silk Stores,textiles and silk stores.csv,121.0,Sri Ganesh Textiles - Chennai,Velachery,Textile Store,,South Chennai,,,,,,"Sarees, dress materials",Directory candidate - verify before production use,,,,,,,,,,,Shopping Interest
448,Textiles & Silk Stores,textiles and silk stores.csv,122.0,Lakshmi Silks - Velachery,Velachery,Silk Sarees,,South Chennai,,,,,,Silk sarees,Directory candidate - verify before production use,,,,,,,,,,,Shopping Interest
449,Textiles & Silk Stores,textiles and silk stores.csv,123.0,Sri Murugan Textiles - Chromepet,Chromepet,Textile Store,,Chennai Metropolitan Area,,,,,,"Sarees, textiles",Directory candidate - verify before production use,,,,,,,,,,,Shopping Interest
450,Textiles & Silk Stores,textiles and silk stores.csv,124.0,Sri Devi Silks - Chromepet,Chromepet,Silk Sarees,,Chennai Metropolitan Area,,,,,,Silk sarees,Directory candidate - verify before production use,,,,,,,,,,,Shopping Interest
451,Flea Markets,chennai_flea_markets(1).csv,,,George Town / Parrys Corner,,,North/Central Chennai,,,,,,,,1.0,Burma Bazaar,"Imported goods, electronics, accessories, perfumes, bags",Flea & Street Market,Daily,,,,,,Shopping Interest
452,Flea Markets,chennai_flea_markets(1).csv,,,Egmore / Pantheon Road,,,Central Chennai,,,,,,,,2.0,Cotton Alley (Cotton Lane),"Cotton fabrics, dress materials, textiles",Flea & Street Market,Daily,,,,,,Shopping Interest
453,Flea Markets,chennai_flea_markets(1).csv,,,Park Town,,,Central Chennai,,,,,,,,3.0,Moore Market Complex,"Second-hand books, antiques, collectibles, household goods",Flea/Second-hand Market,Daily,,,,,,Shopping Interest
454,Flea Markets,chennai_flea_markets(1).csv,,,Chintadripet / Mount Road,,,Central Chennai,,,,,,,,4.0,Ritchie Street Market,"Electronics, computer parts, cables, mobile accessories",Street/Flea Market,Daily,,,,,,Shopping Interest
455,Flea Markets,chennai_flea_markets(1).csv,,,T. Nagar,,,Central/South Chennai,,,,,,,,5.0,Pondy Bazaar Street Stalls,"Clothing, footwear, jewellery, handbags, accessories, books",Street/Flea-style Market,Daily,,,,,,Shopping Interest
456,Flea Markets,chennai_flea_markets(1).csv,,,T. Nagar,,,Central/South Chennai,,,,,,,,6.0,Ranganathan Street Street Stalls,"Clothing, accessories, footwear, household items",Street/Flea-style Market,Daily,,,,,,Shopping Interest
457,Flea Markets,chennai_flea_markets(1).csv,,,T. Nagar,,,Central/South Chennai,,,,,,,,7.0,Usman Road Street Market,"Clothing, accessories, jewellery, bargain goods",Street Market,Daily,,,,,,Shopping Interest
458,Flea Markets,chennai_flea_markets(1).csv,,,Sowcarpet,,,Central Chennai,,,,,,,,8.0,Sowcarpet Street Market,"Clothing, accessories, cosmetics, snacks, household goods",Street/Flea-style Market,Daily,,,,,,Shopping Interest
459,Flea Markets,chennai_flea_markets(1).csv,,,Sowcarpet,,,Central Chennai,,,,,,,,9.0,Mint Street Market,"Clothing, textiles, accessories, food items",Street/Flea-style Market,Daily,,,,,,Shopping Interest
460,Flea Markets,chennai_flea_markets(1).csv,,,Parrys,,,North/Central Chennai,,,,,,,,10.0,Parrys Corner Street Market,"Wholesale goods, stationery, hardware, textiles, accessories",Street/Flea-style Market,Daily,,,,,,Shopping Interest
461,Flea Markets,chennai_flea_markets(1).csv,,,George Town,,,North/Central Chennai,,,,,,,,11.0,George Town Street Bazaar,"Textiles, household goods, accessories, wholesale products",Street Bazaar,Daily,,,,,,Shopping Interest
462,Flea Markets,chennai_flea_markets(1).csv,,,Mylapore,,,Central Chennai,,,,,,,,12.0,Mylapore Mada Street Market,"Handicrafts, pooja items, traditional goods, accessories",Traditional/Flea-style Market,Daily,,,,,,Shopping Interest
463,Flea Markets,chennai_flea_markets(1).csv,,,Triplicane,,,Central Chennai,,,,,,,,13.0,Triplicane Street Market,"Clothing, footwear, accessories, household goods",Street/Flea-style Market,Daily,,,,,,Shopping Interest
464,Flea Markets,chennai_flea_markets(1).csv,,,Purasawalkam,,,Central Chennai,,,,,,,,14.0,Purasawalkam Street Market,"Clothing, footwear, jewellery, accessories",Street/Flea-style Market,Daily,,,,,,Shopping Interest
465,Flea Markets,chennai_flea_markets(1).csv,,,Washermanpet,,,North Chennai,,,,,,,,15.0,Washermanpet Clothing Street Market,"Clothing, textiles, footwear, accessories",Street/Flea-style Market,Daily,,,,,,Shopping Interest
466,Flea Markets,chennai_flea_markets(1).csv,,,Choolai,,,Central Chennai,,,,,,,,16.0,Choolai Street Market,"Clothing, household goods, accessories, groceries",Street Market,Daily,,,,,,Shopping Interest
467,Flea Markets,chennai_flea_markets(1).csv,,,Chintadripet,,,Central Chennai,,,,,,,,17.0,Chintadripet Street Market,"Electronics, clothing, footwear, household items",Street/Flea-style Market,Daily,,,,,,Shopping Interest
468,Flea Markets,chennai_flea_markets(1).csv,,,Marina Beach,,,Central Chennai,,,,,,,,18.0,Marina Beach Street Stalls,"Souvenirs, accessories, handicrafts, toys, beach goods",Beachside Flea-style Market,Evenings,,,,,,Shopping Interest
469,Flea Markets,chennai_flea_markets(1).csv,,,Besant Nagar,,,South Chennai,,,,,,,,19.0,Besant Nagar Beach Street Stalls,"Handmade goods, accessories, souvenirs, clothing, toys",Beachside Flea-style Market,Evenings/Weekends,,,,,,Shopping Interest
470,Flea Markets,chennai_flea_markets(1).csv,,,Besant Nagar,,,South Chennai,,,,,,,,20.0,Elliot's Beach Street Stalls,"Accessories, souvenirs, handicrafts, toys",Beachside Flea-style Market,Evenings/Weekends,,,,,,Shopping Interest
471,Flea Markets,chennai_flea_markets(1).csv,,,T. Nagar,,,Central/South Chennai,,,,,,,,21.0,T. Nagar Weekend Pop-up/Flea Events,"Fashion, handmade products, accessories, lifestyle products",Pop-up/Flea Market,Weekends/Event-based,,,,,,Shopping Interest
472,Flea Markets,chennai_flea_markets(1).csv,,,T. Nagar,,,Central/South Chennai,,,,,,,,22.0,Pondy Bazaar Weekend Pop-up Events,"Fashion, crafts, accessories, food, lifestyle products",Pop-up/Flea Market,Weekends/Event-based,,,,,,Shopping Interest
473,Flea Markets,chennai_flea_markets(1).csv,,,Velachery,,,South Chennai,,,,,,,,23.0,Phoenix Marketcity Flea/Pop-up Events,"Fashion, handmade products, crafts, food, lifestyle",Organized Flea/Pop-up Event,Event-based,,,,,,Shopping Interest
474,Flea Markets,chennai_flea_markets(1).csv,,,Royapettah,,,Central Chennai,,,,,,,,24.0,Express Avenue Flea/Pop-up Events,"Fashion, crafts, accessories, lifestyle products",Organized Flea/Pop-up Event,Event-based,,,,,,Shopping Interest
475,Flea Markets,chennai_flea_markets(1).csv,,,Vadapalani,,,West Chennai,,,,,,,,25.0,Nexus Vijaya Mall Flea/Pop-up Events,"Fashion, crafts, accessories, lifestyle products",Organized Flea/Pop-up Event,Event-based,,,,,,Shopping Interest
476,Flea Markets,chennai_flea_markets(1).csv,,,Anna Nagar West,,,West Chennai,,,,,,,,26.0,VR Chennai Flea/Pop-up Events,"Fashion, art, crafts, accessories, lifestyle products",Organized Flea/Pop-up Event,Event-based,,,,,,Shopping Interest
477,Flea Markets,chennai_flea_markets(1).csv,,,Various locations,,,Chennai,,,,,,,,27.0,Local Community Flea Markets – Chennai,"Thrift clothing, handmade products, accessories, art, collectibles",Community Flea Market,Event-based,,,,,,Shopping Interest
478,Flea Markets,chennai_flea_markets(1).csv,,,Various venues,,,Chennai,,,,,,,,28.0,Weekend Flea Exhibitions – Chennai,"Clothing, jewellery, crafts, home décor, food",Flea Exhibition,Weekends/Event-based,,,,,,Shopping Interest
479,Flea Markets,chennai_flea_markets(1).csv,,,Various college/event venues,,,Chennai,,,,,,,,29.0,College/Youth Flea Pop-ups – Chennai,"Thrift fashion, accessories, art, handmade products",Youth Flea/Pop-up,Event-based,,,,,,Shopping Interest
480,Flea Markets,chennai_flea_markets(1).csv,,,Marina / Besant Nagar,,,Chennai,,,,,,,,30.0,Beachside Weekend Flea Pop-ups – Chennai,"Handmade goods, fashion, accessories, art, souvenirs",Beach Flea/Pop-up,Weekends/Event-based,,,,,,Shopping Interest
481,Street Markets,chennai_street_markets_shopping(1).csv,,,T. Nagar,,,Central/South Chennai,,,,,,,,1.0,T. Nagar Ranganathan Street Market,"Clothing, jewellery, footwear, accessories",Street Shopping,,Daily,,,,,Shopping Interest
482,Street Markets,chennai_street_markets_shopping(1).csv,,,T. Nagar,,,Central/South Chennai,,,,,,,,2.0,Pondy Bazaar,"Clothing, footwear, accessories, cosmetics",Commercial Street Market,,Daily,,,,,Shopping Interest
483,Street Markets,chennai_street_markets_shopping(1).csv,,,T. Nagar,,,Central/South Chennai,,,,,,,,3.0,Usman Road Market,"Gold jewellery, textiles, clothing, electronics",Street Market,,Daily,,,,,Shopping Interest
484,Street Markets,chennai_street_markets_shopping(1).csv,,,T. Nagar,,,Central/South Chennai,,,,,,,,4.0,Panagal Park Market,"Silk sarees, jewellery, clothing",Shopping Market,,Daily,,,,,Shopping Interest
485,Street Markets,chennai_street_markets_shopping(1).csv,,,Sowcarpet,,,Central Chennai,,,,,,,,5.0,Sowcarpet Market,"Clothing, sweets, snacks, cosmetics, accessories",Street Market,,Daily,,,,,Shopping Interest
486,Street Markets,chennai_street_markets_shopping(1).csv,,,Sowcarpet,,,Central Chennai,,,,,,,,6.0,Mint Street Market,"Clothing, textiles, snacks, jewellery, accessories",Street Market,,Daily,,,,,Shopping Interest
487,Street Markets,chennai_street_markets_shopping(1).csv,,,George Town,,,North Chennai,,,,,,,,7.0,George Town Market,"Textiles, household goods, accessories, wholesale items",Wholesale/Street Market,,Daily,,,,,Shopping Interest
488,Street Markets,chennai_street_markets_shopping(1).csv,,,Parrys,,,North/Central Chennai,,,,,,,,8.0,Parrys Corner Market,"Stationery, hardware, textiles, electronics, household goods",Wholesale Market,,Daily,,,,,Shopping Interest
489,Street Markets,chennai_street_markets_shopping(1).csv,,,Koyambedu,,,West Chennai,,,,,,,,9.0,Kothawal Chavadi Market,"Fruits, vegetables, groceries",Wholesale Market,,Daily,,,,,Shopping Interest
490,Street Markets,chennai_street_markets_shopping(1).csv,,,Koyambedu,,,West Chennai,,,,,,,,10.0,Koyambedu Market,"Fruits, vegetables, flowers, groceries",Wholesale Market,,Daily,,,,,Shopping Interest
491,Street Markets,chennai_street_markets_shopping(1).csv,,,Parrys,,,Central Chennai,,,,,,,,11.0,Flower Bazaar,"Flowers, pooja items, accessories",Street Market,,Daily,,,,,Shopping Interest
492,Street Markets,chennai_street_markets_shopping(1).csv,,,Parrys,,,Central Chennai,,,,,,,,12.0,Burma Bazaar,"Electronics, accessories, bags, watches",Street Market,,Daily,,,,,Shopping Interest
493,Street Markets,chennai_street_markets_shopping(1).csv,,,Mount Road / Chintadripet,,,Central Chennai,,,,,,,,13.0,Ritchie Street Market,"Electronics, computer parts, mobile accessories",Electronics Street Market,,Daily,,,,,Shopping Interest
494,Street Markets,chennai_street_markets_shopping(1).csv,,,Park Town,,,Central Chennai,,,,,,,,14.0,Moore Market Complex,"Books, antiques, collectibles, household goods",Street Market,,Daily,,,,,Shopping Interest
495,Street Markets,chennai_street_markets_shopping(1).csv,,,Triplicane,,,Central Chennai,,,,,,,,15.0,Triplicane Market,"Clothing, groceries, accessories, household goods",Local Street Market,,Daily,,,,,Shopping Interest
496,Street Markets,chennai_street_markets_shopping(1).csv,,,Royapettah,,,Central Chennai,,,,,,,,16.0,Royapettah Market,"Clothing, footwear, groceries, accessories",Local Street Market,,Daily,,,,,Shopping Interest
497,Street Markets,chennai_street_markets_shopping(1).csv,,,Mylapore,,,Central Chennai,,,,,,,,17.0,Mylapore Mada Streets Market,"Traditional items, handicrafts, clothing, pooja items",Traditional Street Market,,Daily,,,,,Shopping Interest
498,Street Markets,chennai_street_markets_shopping(1).csv,,,Mylapore,,,Central Chennai,,,,,,,,18.0,Mylapore Tank Market,"Clothing, accessories, handicrafts, food",Street Market,,Daily,,,,,Shopping Interest
499,Street Markets,chennai_street_markets_shopping(1).csv,,,Purasawalkam,,,Central Chennai,,,,,,,,19.0,Purasawalkam Market,"Clothing, jewellery, footwear, household goods",Commercial Street Market,,Daily,,,,,Shopping Interest
500,Street Markets,chennai_street_markets_shopping(1).csv,,,Otteri,,,North Chennai,,,,,,,,20.0,Otteri Market,"Vegetables, groceries, clothing, household goods",Local Market,,Daily,,,,,Shopping Interest
501,Street Markets,chennai_street_markets_shopping(1).csv,,,Perambur,,,North Chennai,,,,,,,,21.0,Perambur Market,"Clothing, footwear, groceries, accessories",Local Street Market,,Daily,,,,,Shopping Interest
502,Street Markets,chennai_street_markets_shopping(1).csv,,,Aminjikarai,,,Central/West Chennai,,,,,,,,22.0,Aminjikarai Market,"Clothing, footwear, groceries, accessories",Local Street Market,,Daily,,,,,Shopping Interest
503,Street Markets,chennai_street_markets_shopping(1).csv,,,Anna Nagar,,,West Chennai,,,,,,,,23.0,Anna Nagar Shanthi Colony Market,"Clothing, accessories, food, household items",Street Market,,Daily,,,,,Shopping Interest
504,Street Markets,chennai_street_markets_shopping(1).csv,,,Thirumangalam,,,West Chennai,,,,,,,,24.0,Thirumangalam Market,"Clothing, groceries, footwear, accessories",Local Market,,Daily,,,,,Shopping Interest
505,Street Markets,chennai_street_markets_shopping(1).csv,,,Vadapalani,,,West Chennai,,,,,,,,25.0,Vadapalani Market,"Clothing, footwear, accessories, electronics",Local Street Market,,Daily,,,,,Shopping Interest
506,Street Markets,chennai_street_markets_shopping(1).csv,,,Koyambedu,,,West Chennai,,,,,,,,26.0,Koyambedu Flower Market,"Flowers, decorative items, pooja items",Wholesale Market,,Daily,,,,,Shopping Interest
507,Street Markets,chennai_street_markets_shopping(1).csv,,,Guindy,,,South Chennai,,,,,,,,27.0,Guindy Market,"Clothing, footwear, accessories, household goods",Local Street Market,,Daily,,,,,Shopping Interest
508,Street Markets,chennai_street_markets_shopping(1).csv,,,Saidapet,,,South Chennai,,,,,,,,28.0,Saidapet Market,"Vegetables, groceries, clothing, household items",Local Market,,Daily,,,,,Shopping Interest
509,Street Markets,chennai_street_markets_shopping(1).csv,,,West Mambalam,,,South Chennai,,,,,,,,29.0,West Mambalam Market,"Clothing, jewellery, groceries, household items",Local Street Market,,Daily,,,,,Shopping Interest
510,Street Markets,chennai_street_markets_shopping(1).csv,,,Ashok Nagar,,,South Chennai,,,,,,,,30.0,Ashok Nagar Market,"Clothing, footwear, accessories, groceries",Local Market,,Daily,,,,,Shopping Interest
511,Street Markets,chennai_street_markets_shopping(1).csv,,,Adyar,,,South Chennai,,,,,,,,31.0,Adyar Market,"Clothing, handicrafts, accessories, groceries",Local Street Market,,Daily,,,,,Shopping Interest
512,Street Markets,chennai_street_markets_shopping(1).csv,,,Besant Nagar,,,South Chennai,,,,,,,,32.0,Besant Nagar Beach Road Market,"Handicrafts, accessories, clothing, souvenirs, snacks",Beachside Street Market,,Evenings/Weekends,,,,,Shopping Interest
513,Street Markets,chennai_street_markets_shopping(1).csv,,,Thiruvanmiyur,,,South Chennai,,,,,,,,33.0,Thiruvanmiyur Market,"Clothing, groceries, accessories, household goods",Local Street Market,,Daily,,,,,Shopping Interest
514,Street Markets,chennai_street_markets_shopping(1).csv,,,Velachery,,,South Chennai,,,,,,,,34.0,Velachery Market,"Clothing, footwear, accessories, groceries",Local Market,,Daily,,,,,Shopping Interest
515,Street Markets,chennai_street_markets_shopping(1).csv,,,Pallikaranai,,,South Chennai,,,,,,,,35.0,Pallikaranai Market,"Clothing, groceries, household goods, accessories",Local Market,,Daily,,,,,Shopping Interest
516,Street Markets,chennai_street_markets_shopping(1).csv,,,Tambaram,,,Chennai Metropolitan Area,,,,,,,,36.0,Tambaram Market,"Clothing, textiles, footwear, groceries, accessories",Commercial Street Market,,Daily,,,,,Shopping Interest
517,Street Markets,chennai_street_markets_shopping(1).csv,,,Chromepet,,,Chennai Metropolitan Area,,,,,,,,37.0,Chromepet Market,"Clothing, footwear, electronics, accessories",Commercial Street Market,,Daily,,,,,Shopping Interest
518,Street Markets,chennai_street_markets_shopping(1).csv,,,Pallavaram,,,Chennai Metropolitan Area,,,,,,,,38.0,Pallavaram Market,"Clothing, footwear, accessories, household goods",Street Market,,Daily,,,,,Shopping Interest
519,Street Markets,chennai_street_markets_shopping(1).csv,,,Tiruvottiyur,,,North Chennai,,,,,,,,39.0,Tiruvottiyur Market,"Clothing, groceries, footwear, household items",Local Street Market,,Daily,,,,,Shopping Interest
520,Street Markets,chennai_street_markets_shopping(1).csv,,,Washermanpet,,,North Chennai,,,,,,,,40.0,Washermanpet Market,"Clothing, jewellery, groceries, household goods",Local Street Market,,Daily,,,,,Shopping Interest
521,Street Markets,chennai_street_markets_shopping(1).csv,,,North Chennai,,,North Chennai,,,,,,,,41.0,Thiruvallur High Road Market,"Clothing, accessories, household items",Street Market,,Daily,,,,,Shopping Interest
522,Street Markets,chennai_street_markets_shopping(1).csv,,,Choolai,,,Central Chennai,,,,,,,,42.0,Choolai Market,"Clothing, groceries, household goods, accessories",Local Market,,Daily,,,,,Shopping Interest
523,Street Markets,chennai_street_markets_shopping(1).csv,,,Egmore,,,Central Chennai,,,,,,,,43.0,Egmore Market,"Clothing, books, accessories, groceries",Local Street Market,,Daily,,,,,Shopping Interest
524,Street Markets,chennai_street_markets_shopping(1).csv,,,Kilpauk,,,Central Chennai,,,,,,,,44.0,Kilpauk Market,"Clothing, groceries, footwear, accessories",Local Market,,Daily,,,,,Shopping Interest
525,Street Markets,chennai_street_markets_shopping(1).csv,,,Nungambakkam,,,Central Chennai,,,,,,,,45.0,Nungambakkam Street Market,"Clothing, accessories, handicrafts, food",Street Market,,Evenings,,,,,Shopping Interest
526,Street Markets,chennai_street_markets_shopping(1).csv,,,Marina Beach,,,Central Chennai,,,,,,,,46.0,Marina Beach Street Shops,"Souvenirs, handicrafts, accessories, snacks",Beachside Street Market,,Evenings,,,,,Shopping Interest
527,Street Markets,chennai_street_markets_shopping(1).csv,,,Besant Nagar,,,South Chennai,,,,,,,,47.0,Elliot's Beach Street Shops,"Souvenirs, handicrafts, accessories, snacks",Beachside Street Market,,Evenings,,,,,Shopping Interest
528,Street Markets,chennai_street_markets_shopping(1).csv,,,Chintadripet,,,Central Chennai,,,,,,,,48.0,Chintadripet Market,"Electronics, clothing, footwear, household goods",Street Market,,Daily,,,,,Shopping Interest
529,Street Markets,chennai_street_markets_shopping(1).csv,,,Mannady,,,North/Central Chennai,,,,,,,,49.0,Mannady Market,"Wholesale goods, textiles, accessories, household items",Wholesale/Street Market,,Daily,,,,,Shopping Interest
530,Street Markets,chennai_street_markets_shopping(1).csv,,,Royapuram,,,North Chennai,,,,,,,,50.0,Royapuram Market,"Clothing, groceries, accessories, household goods",Local Market,,Daily,,,,,Shopping Interest
531,Street Markets,chennai_street_markets_shopping(1).csv,,,Kodambakkam,,,West Chennai,,,,,,,,51.0,Kodambakkam Market,"Clothing, footwear, accessories, groceries",Local Street Market,,Daily,,,,,Shopping Interest
532,Shopping Malls,chennai_shopping_malls(1).csv,,,Velachery,,,South Chennai,,,,,,,,,,,,,,Phoenix Marketcity Chennai,Major shopping mall,Phoenix Mills,Opened 2013,Shopping Interest
533,Shopping Malls,chennai_shopping_malls(1).csv,,,Velachery,,,South Chennai,,,,,,,,,,,,,,Grand Square Mall,Shopping mall,—,—,Shopping Interest
534,Shopping Malls,chennai_shopping_malls(1).csv,,,Velachery,,,South Chennai,,,,,,,,,,,,,,Palladium Chennai,Luxury shopping mall,Phoenix Mills,—,Shopping Interest
535,Shopping Malls,chennai_shopping_malls(1).csv,,,Royapettah,,,Central Chennai,,,,,,,,,,,,,,Express Avenue,Shopping mall,Express Infrastructure,Opened 2010,Shopping Interest
536,Shopping Malls,chennai_shopping_malls(1).csv,,,Mylapore,,,Central Chennai,,,,,,,,,,,,,,Chennai Citi Centre,Shopping mall,—,—,Shopping Interest
537,Shopping Malls,chennai_shopping_malls(1).csv,,,Anna Salai / Mount Road,,,Central Chennai,,,,,,,,,,,,,,Spencer Plaza,Shopping mall,Mangal Tirth Estate,—,Shopping Interest
538,Shopping Malls,chennai_shopping_malls(1).csv,,,Teynampet,,,Central Chennai,,,,,,,,,,,,,,Ramee Mall,Shopping mall,Ramee Group,—,Shopping Interest
539,Shopping Malls,chennai_shopping_malls(1).csv,,,Aminjikarai,,,Central Chennai,,,,,,,,,,,,,,Ampa Skywalk,Shopping mall,—,—,Shopping Interest
540,Shopping Malls,chennai_shopping_malls(1).csv,,,Vadapalani,,,West Chennai,,,,,,,,,,,,,,Nexus Vijaya Mall,Shopping mall,Nexus Select Trust,Opened 2013,Shopping Interest
541,Shopping Malls,chennai_shopping_malls(1).csv,,,Anna Nagar West,,,North-West Chennai,,,,,,,,,,,,,,VR Chennai,Shopping mall,Virtuous Retail,Opened 2018,Shopping Interest
542,Shopping Malls,chennai_shopping_malls(1).csv,,,Perambur,,,North Chennai,,,,,,,,,,,,,,Spectrum The Grand Venus Mall,Shopping mall,—,—,Shopping Interest
543,Shopping Malls,chennai_shopping_malls(1).csv,,,Koyambedu,,,West Chennai,,,,,,,,,,,,,,Ten Square Mall,Shopping mall,Ten Square Chennai Developers,—,Shopping Interest
544,Shopping Malls,chennai_shopping_malls(1).csv,,,Virugambakkam,,,West Chennai,,,,,,,,,,,,,,Chandra Metro Mall,Shopping mall,—,—,Shopping Interest
545,Shopping Malls,chennai_shopping_malls(1).csv,,,Purasawalkam,,,Central Chennai,,,,,,,,,,,,,,Abirami Mega Mall,Shopping mall,—,—,Shopping Interest
546,Shopping Malls,chennai_shopping_malls(1).csv,,,Nungambakkam,,,Central Chennai,,,,,,,,,,,,,,Ispahani Centre,Shopping complex,—,—,Shopping Interest
547,Shopping Malls,chennai_shopping_malls(1).csv,,,Egmore,,,Central Chennai,,,,,,,,,,,,,,Fountain Plaza,Shopping complex,—,—,Shopping Interest
548,Shopping Malls,chennai_shopping_malls(1).csv,,,Egmore,,,Central Chennai,,,,,,,,,,,,,,Alsa Mall,Shopping mall,—,—,Shopping Interest
549,Shopping Malls,chennai_shopping_malls(1).csv,,,Egmore,,,Central Chennai,,,,,,,,,,,,,,Patni Plaza,Shopping complex,—,—,Shopping Interest
550,Shopping Malls,chennai_shopping_malls(1).csv,,,OMR,,,South Chennai,,,,,,,,,,,,,,Coromandel Plaza,Shopping complex,—,—,Shopping Interest
551,Shopping Malls,chennai_shopping_malls(1).csv,,,"Egattur, OMR",,,Chennai Metropolitan Area,,,,,,,,,,,,,,Marina Mall,Shopping mall,—,—,Shopping Interest
552,Shopping Malls,chennai_shopping_malls(1).csv,,,"Navalur, OMR",,,Chennai Metropolitan Area,,,,,,,,,,,,,,Vivira Mall,Shopping mall,Suryavardhan Estates,—,Shopping Interest
553,Shopping Malls,chennai_shopping_malls(1).csv,,,Navalur / OMR,,,Chennai Metropolitan Area,,,,,,,,,,,,,,MARG Junction,Shopping complex,MARG Group,—,Shopping Interest
554,Shopping Malls,chennai_shopping_malls(1).csv,,,Pallavaram / GST Road,,,South Chennai,,,,,,,,,,,,,,Gold Souk Grande Mall,Shopping mall,—,—,Shopping Interest
555,Shopping Malls,chennai_shopping_malls(1).csv,,,Aminjikarai,,,Central Chennai,,,,,,,,,,,,,,Sky One / Ampa Skywalk,Shopping mall,—,Renamed/redeveloped identity noted in local discussions,Shopping Interest
556,Shopping Malls,chennai_shopping_malls(1).csv,,,Chennai,,,Central Chennai,,,,,,,,,,,,,,Maya Plaza,Shopping complex,—,—,Shopping Interest
557,Shopping Malls,chennai_shopping_malls(1).csv,,,Chennai,,,Central Chennai,,,,,,,,,,,,,,Vummidars Shopping Centre,Shopping centre,—,—,Shopping Interest
558,Shopping Malls,chennai_shopping_malls(1).csv,,,Chennai,,,Central Chennai,,,,,,,,,,,,,,Glamour Shopping Centre,Shopping centre,—,—,Shopping Interest
559,Shopping Malls,chennai_shopping_malls(1).csv,,,Egmore,,,Central Chennai,,,,,,,,,,,,,,Cisons Complex,Shopping complex,—,—,Shopping Interest
560,Shopping Malls,chennai_shopping_malls(1).csv,,,Chennai,,,Central Chennai,,,,,,,,,,,,,,Shopping Singapore,Shopping centre,—,—,Shopping Interest
561,Shopping Malls,chennai_shopping_malls(1).csv,,,Chennai,,,Central Chennai,,,,,,,,,,,,,,V2 Shopping Centre,Shopping centre,—,—,Shopping Interest
562,Shopping Malls,chennai_shopping_malls(1).csv,,,Chennai,,,Central Chennai,,,,,,,,,,,,,,Five Star Shopping,Shopping centre,—,—,Shopping Interest
563,Shopping Malls,chennai_shopping_malls(1).csv,,,Chennai,,,Central Chennai,,,,,,,,,,,,,,Indi Shopee,Shopping centre,—,—,Shopping Interest
564,Shopping Malls,chennai_shopping_malls(1).csv,,,Chennai,,,Central Chennai,,,,,,,,,,,,,,Nisha Singapore Shopping,Shopping centre,—,—,Shopping Interest
